ID_Assuré,Période_exposition,Nb_sinistres,Montant_total,Âge,Sexe,Expérience,Type_véhicule,Zone_géographique,Usage,Historique,Date_sinistre
A0001,0.95,1,7917,40,Homme,4,Cabriolet,Rennes,Privé,,2024-09-30
A0002,0.52,1,1213,65,Homme,22,SUV,Rennes,Privé,Bonus,2024-07-10
A0003,0.98,0,0,29,Homme,8,Cabriolet,Lille,Privé,,
A0004,0.63,0,0,51,Femme,1,Break,Marseille,Professionnel,Malus,
A0005,0.99,2,17283,55,Femme,31,Break,Paris,Professionnel,Malus,2024-11-02
A0006,0.73,0,0,66,Femme,0,SUV,Strasbourg,Professionnel,,
A0007,0.73,2,7354,63,Homme,37,Break,Lyon,Professionnel,,2024-11-25
A0008,0.65,1,12126,31,Femme,5,Citadine,Paris,Privé,Bonus,2024-04-12
A0009,0.54,0,0,63,Homme,28,SUV,Bordeaux,Privé,Malus,
A0010,0.76,1,669,51,Homme,29,Cabriolet,Nice,Privé,Bonus,2024-01-08
A0011,0.95,0,0,29,Homme,5,Berline,Lyon,Professionnel,Malus,
A0012,0.57,0,0,51,Homme,5,SUV,Paris,Professionnel,Malus,
A0013,0.96,0,0,47,Femme,28,Break,Paris,Professionnel,,
A0014,0.99,2,12696,22,Homme,2,Cabriolet,Lyon,Privé,Malus,2024-04-19
A0015,0.64,0,0,26,Femme,0,Break,Bordeaux,Professionnel,Bonus,
A0016,0.61,0,0,55,Femme,3,Utilitaire,Bordeaux,Professionnel,,
A0017,0.55,1,12093,27,Homme,5,Utilitaire,Paris,Professionnel,Malus,2024-07-04
A0018,0.81,0,0,52,Homme,1,Utilitaire,Paris,Privé,,
A0019,0.93,0,0,23,Homme,0,Utilitaire,Marseille,Professionnel,Bonus,
A0020,0.81,0,0,21,Femme,1,SUV,Lille,Privé,Bonus,
A0021,0.69,1,17377,38,Femme,19,Berline,Lyon,Privé,Bonus,2024-01-16
A0022,0.83,1,7197,19,Femme,0,Cabriolet,Toulouse,Privé,,2024-09-27
A0023,0.9,1,16518,66,Femme,8,Cabriolet,Nice,Privé,Malus,2024-09-20
A0024,0.68,0,0,53,Homme,13,Cabriolet,Rennes,Privé,Malus,
A0025,0.84,0,0,47,Homme,19,SUV,Nice,Professionnel,Bonus,
A0026,0.56,2,19575,48,Homme,6,Cabriolet,Bordeaux,Privé,Malus,2024-04-28
A0027,0.67,0,0,27,Homme,0,Citadine,Bordeaux,Privé,Bonus,
A0028,0.89,1,8021,59,Femme,40,Utilitaire,Lyon,Professionnel,Malus,2024-05-01
A0029,0.54,1,8192,37,Homme,0,Break,Lille,Professionnel,,2024-05-02
A0030,0.77,1,5002,21,Femme,0,Utilitaire,Rennes,Professionnel,Bonus,2024-01-22
A0031,0.92,0,0,62,Homme,39,Utilitaire,Paris,Professionnel,Malus,
A0032,0.6,1,11768,40,Femme,0,SUV,Toulouse,Privé,Malus,2024-11-11
A0033,0.82,0,0,30,Homme,2,SUV,Rennes,Privé,,
A0034,0.68,0,0,23,Homme,1,Cabriolet,Bordeaux,Professionnel,Bonus,
A0035,0.67,0,0,38,Femme,12,SUV,Paris,Privé,Bonus,
A0036,0.97,0,0,65,Homme,39,Cabriolet,Paris,Privé,Bonus,
A0037,0.74,0,0,53,Homme,33,Citadine,Lyon,Professionnel,,
A0038,0.71,0,0,27,Femme,1,Break,Rennes,Professionnel,,
A0039,0.79,1,14841,53,Femme,19,Break,Nantes,Privé,Bonus,2024-01-10
A0040,0.62,1,13678,22,Homme,0,Break,Paris,Privé,Bonus,2024-03-12
A0041,0.6,0,0,60,Femme,22,Berline,Lyon,Professionnel,,
A0042,0.82,0,0,31,Homme,2,Citadine,Paris,Privé,Malus,
A0043,0.63,1,4903,52,Homme,1,Utilitaire,Toulouse,Professionnel,Malus,2024-09-04
A0044,0.76,0,0,51,Femme,0,Cabriolet,Lyon,Privé,,
A0045,0.61,1,3836,60,Homme,8,Berline,Marseille,Professionnel,,2024-07-01
A0046,0.95,1,7895,51,Femme,17,Utilitaire,Rennes,Professionnel,Bonus,2024-02-09
A0047,0.56,0,0,38,Femme,20,Cabriolet,Lyon,Professionnel,,
A0048,0.89,1,14855,56,Femme,0,SUV,Lyon,Professionnel,Bonus,2024-10-29
A0049,0.57,0,0,23,Homme,1,Utilitaire,Rennes,Privé,,
A0050,0.78,0,0,60,Homme,3,Utilitaire,Nantes,Privé,Malus,
A0051,0.75,0,0,70,Femme,27,Cabriolet,Bordeaux,Professionnel,,
A0052,0.59,0,0,20,Femme,1,SUV,Nice,Privé,,
A0053,0.88,0,0,41,Homme,15,SUV,Rennes,Professionnel,Malus,
A0054,0.52,1,18566,48,Femme,0,SUV,Nantes,Professionnel,,2024-02-12
A0055,0.58,0,0,28,Homme,1,Break,Strasbourg,Professionnel,Bonus,
A0056,0.76,0,0,47,Homme,19,Berline,Lyon,Professionnel,Malus,
A0057,0.83,0,0,29,Homme,9,Utilitaire,Strasbourg,Privé,,
A0058,0.93,0,0,21,Femme,0,Citadine,Marseille,Professionnel,,
A0059,0.85,2,17375,63,Homme,37,Berline,Rennes,Professionnel,Bonus,2024-02-28
A0060,0.73,0,0,53,Femme,17,Cabriolet,Lille,Professionnel,Bonus,
A0061,0.84,1,9421,29,Femme,0,Citadine,Rennes,Professionnel,Malus,2024-03-03
A0062,0.7,0,0,47,Homme,8,Cabriolet,Strasbourg,Privé,Malus,
A0063,0.91,1,13646,21,Femme,3,Break,Rennes,Professionnel,Malus,2024-08-14
A0064,0.78,0,0,61,Femme,30,Break,Nice,Privé,Malus,
A0065,0.77,1,12707,25,Femme,3,Break,Nantes,Privé,Malus,2024-03-26
A0066,0.61,0,0,54,Homme,11,SUV,Paris,Privé,,
A0067,0.53,1,4258,63,Femme,23,Utilitaire,Nice,Privé,Bonus,2024-03-01
A0068,0.92,0,0,26,Homme,0,SUV,Paris,Professionnel,Malus,
A0069,0.99,1,18570,62,Homme,35,Break,Nantes,Professionnel,Bonus,2024-09-16
A0070,0.88,1,788,28,Homme,5,Cabriolet,Nice,Privé,,2024-10-17
A0071,0.53,0,0,22,Femme,1,Break,Marseille,Professionnel,,
A0072,0.62,0,0,53,Homme,17,Break,Strasbourg,Professionnel,,
A0073,0.87,1,15665,69,Femme,9,Utilitaire,Paris,Privé,Bonus,2024-09-03
A0074,0.55,0,0,52,Femme,26,Utilitaire,Nice,Professionnel,Bonus,
A0075,0.98,2,9078,46,Femme,27,Break,Rennes,Professionnel,Malus,2024-07-07
A0076,0.88,0,0,58,Homme,17,Cabriolet,Bordeaux,Privé,Bonus,
A0077,0.99,0,0,64,Femme,27,Break,Nice,Privé,Bonus,
A0078,0.75,0,0,34,Homme,10,SUV,Bordeaux,Privé,Malus,
A0079,0.63,2,14878,50,Homme,29,Cabriolet,Toulouse,Professionnel,,2024-07-27
A0080,0.62,2,3128,19,Femme,1,Break,Nantes,Professionnel,Malus,2024-01-03
A0081,0.63,0,0,21,Femme,2,SUV,Nantes,Privé,Malus,
A0082,0.54,0,0,26,Femme,4,Citadine,Nice,Professionnel,Bonus,
A0083,0.94,0,0,45,Femme,7,Utilitaire,Paris,Professionnel,Bonus,
A0084,0.64,0,0,58,Homme,8,Break,Bordeaux,Privé,,
A0085,0.72,0,0,59,Femme,13,Citadine,Paris,Professionnel,Malus,
A0086,0.72,1,17415,18,Femme,0,Cabriolet,Rennes,Professionnel,,2024-06-15
A0087,0.88,1,4661,45,Femme,18,Utilitaire,Marseille,Professionnel,,2024-11-17
A0088,0.8,0,0,56,Femme,29,Break,Nantes,Professionnel,,
A0089,0.96,0,0,42,Homme,6,Cabriolet,Nice,Privé,Bonus,
A0090,0.75,2,19526,37,Femme,7,Cabriolet,Marseille,Privé,,2024-08-25
A0091,0.99,0,0,50,Homme,0,Berline,Nice,Privé,,
A0092,0.69,0,0,43,Femme,2,Utilitaire,Strasbourg,Privé,,
A0093,0.67,3,13284,67,Homme,30,Break,Strasbourg,Professionnel,Bonus,2024-06-11
A0094,0.64,0,0,55,Femme,26,Break,Rennes,Professionnel,,
A0095,0.77,0,0,36,Femme,10,Cabriolet,Strasbourg,Professionnel,Malus,
A0096,0.97,3,1118,61,Femme,12,Berline,Lyon,Professionnel,Malus,2024-07-07
A0097,0.52,0,0,56,Femme,13,Berline,Lille,Professionnel,Bonus,
A0098,0.86,1,5826,36,Femme,12,Utilitaire,Rennes,Professionnel,Malus,2024-05-12
A0099,0.89,1,19325,69,Homme,19,Cabriolet,Lyon,Privé,Malus,2024-11-21
A0100,0.5,0,0,56,Femme,37,Break,Lyon,Privé,Bonus,
A0101,0.98,0,0,70,Femme,17,Break,Rennes,Privé,,
A0102,0.52,0,0,25,Homme,2,Utilitaire,Lille,Privé,,
A0103,0.96,0,0,31,Femme,5,SUV,Nantes,Privé,,
A0104,0.83,2,16441,69,Homme,2,Break,Lille,Professionnel,,2024-11-13
A0105,0.74,0,0,62,Homme,17,Utilitaire,Paris,Professionnel,Malus,
A0106,0.7,0,0,55,Homme,14,Utilitaire,Bordeaux,Privé,Bonus,
A0107,0.58,2,6535,49,Femme,29,Break,Rennes,Privé,Bonus,2024-10-03
A0108,0.59,1,11195,27,Homme,5,Cabriolet,Rennes,Professionnel,Malus,2024-06-03
A0109,0.93,2,7374,19,Homme,1,SUV,Rennes,Privé,,2024-03-30
A0110,0.78,0,0,25,Homme,1,Break,Bordeaux,Professionnel,,
A0111,0.99,1,18996,68,Femme,27,Berline,Bordeaux,Professionnel,Malus,2024-03-04
A0112,0.89,0,0,26,Femme,3,SUV,Lyon,Privé,,
A0113,0.61,2,10710,29,Femme,2,Break,Bordeaux,Privé,Malus,2024-02-03
A0114,0.51,2,16819,57,Femme,9,Utilitaire,Lyon,Privé,Bonus,2024-12-16
A0115,0.91,0,0,46,Homme,19,Citadine,Bordeaux,Privé,Malus,
A0116,0.81,0,0,27,Homme,5,Utilitaire,Lille,Professionnel,Bonus,
A0117,0.91,0,0,28,Femme,8,SUV,Rennes,Privé,Bonus,
A0118,0.73,1,6797,59,Homme,40,Cabriolet,Rennes,Privé,Malus,2024-01-23
A0119,0.8,1,12400,20,Homme,2,Berline,Lille,Privé,Bonus,2024-12-22
A0120,0.68,0,0,50,Femme,16,SUV,Nice,Professionnel,Bonus,
A0121,0.93,1,7746,50,Femme,16,Citadine,Toulouse,Privé,Malus,2024-08-27
A0122,0.98,1,14904,21,Femme,0,Berline,Strasbourg,Privé,Bonus,2024-01-24
A0123,0.58,0,0,51,Homme,12,Cabriolet,Strasbourg,Privé,Malus,
A0124,0.57,2,12527,31,Femme,12,Cabriolet,Toulouse,Professionnel,Bonus,2024-03-24
A0125,0.65,0,0,47,Femme,3,Berline,Rennes,Privé,Bonus,
A0126,0.63,0,0,62,Femme,30,Break,Strasbourg,Privé,Malus,
A0127,0.67,0,0,29,Homme,5,Citadine,Lyon,Professionnel,,
A0128,0.98,1,3869,50,Homme,25,SUV,Lyon,Professionnel,Bonus,2024-05-15
A0129,0.76,2,8625,42,Homme,13,Berline,Rennes,Privé,,2024-08-30
A0130,0.57,0,0,47,Homme,2,Berline,Rennes,Professionnel,Bonus,
A0131,0.92,0,0,68,Homme,4,Utilitaire,Lille,Privé,Malus,
A0132,0.98,2,6063,62,Homme,1,Berline,Rennes,Professionnel,,2024-09-09
A0133,0.53,0,0,63,Homme,29,Berline,Bordeaux,Professionnel,,
A0134,0.62,0,0,37,Femme,18,Citadine,Paris,Professionnel,,
A0135,0.9,1,19813,59,Homme,29,SUV,Nice,Professionnel,Bonus,2024-07-12
A0136,0.56,2,10534,28,Homme,0,Berline,Toulouse,Professionnel,,2024-06-01
A0137,0.62,0,0,70,Femme,23,Break,Nice,Professionnel,,
A0138,0.87,1,16994,57,Femme,10,Berline,Toulouse,Privé,,2024-10-28
A0139,0.55,0,0,47,Femme,28,Citadine,Rennes,Privé,Malus,
A0140,0.84,0,0,48,Femme,0,Break,Nantes,Privé,Malus,
A0141,0.83,0,0,21,Femme,3,Berline,Nantes,Privé,Malus,
A0142,0.75,1,4415,46,Homme,7,Utilitaire,Bordeaux,Privé,Bonus,2024-02-08
A0143,0.82,0,0,26,Homme,4,Break,Rennes,Privé,Bonus,
A0144,0.76,0,0,23,Femme,4,Cabriolet,Rennes,Privé,,
A0145,0.72,0,0,18,Homme,0,Citadine,Lyon,Professionnel,Malus,
A0146,0.91,1,9086,41,Femme,14,Cabriolet,Rennes,Professionnel,Bonus,2024-05-27
A0147,0.89,2,6406,24,Homme,1,Break,Nantes,Professionnel,Bonus,2024-05-17
A0148,0.53,0,0,61,Homme,0,Break,Marseille,Professionnel,,
A0149,0.7,3,7163,45,Femme,9,Cabriolet,Toulouse,Professionnel,Bonus,2024-03-10
A0150,0.86,0,0,60,Homme,18,Utilitaire,Nice,Privé,Malus,
A0151,0.82,0,0,31,Homme,10,Break,Rennes,Privé,,
A0152,0.99,0,0,33,Femme,13,SUV,Nantes,Privé,Bonus,
A0153,0.87,1,8779,47,Homme,26,Berline,Paris,Professionnel,,2024-10-18
A0154,0.73,1,14974,47,Homme,24,SUV,Lille,Professionnel,Malus,2024-10-18
A0155,0.53,0,0,48,Homme,23,Citadine,Nantes,Privé,Bonus,
A0156,0.54,0,0,27,Femme,0,SUV,Strasbourg,Professionnel,Malus,
A0157,0.97,1,10886,23,Homme,1,SUV,Strasbourg,Privé,Malus,2024-10-25
A0158,0.56,0,0,69,Femme,7,Cabriolet,Nantes,Professionnel,Bonus,
A0159,0.68,0,0,51,Homme,13,Break,Lille,Professionnel,Bonus,
A0160,0.92,0,0,54,Femme,30,Berline,Nice,Professionnel,,
A0161,0.95,0,0,35,Femme,11,Cabriolet,Nice,Professionnel,Malus,
A0162,0.94,0,0,32,Homme,3,Utilitaire,Nice,Privé,,
A0163,0.79,0,0,47,Femme,12,Citadine,Lille,Professionnel,,
A0164,0.72,2,14195,46,Homme,4,Cabriolet,Nantes,Privé,Malus,2024-11-16
A0165,0.97,1,4585,24,Homme,6,Citadine,Bordeaux,Professionnel,Malus,2024-01-04
A0166,0.62,1,11811,49,Homme,31,Utilitaire,Lille,Privé,,2024-12-08
A0167,0.89,1,2155,53,Homme,9,Citadine,Lille,Professionnel,Malus,2024-08-24
A0168,0.6,0,0,52,Femme,17,Utilitaire,Marseille,Privé,,
A0169,0.72,1,18767,37,Femme,8,SUV,Lyon,Professionnel,Malus,2024-01-13
A0170,0.53,0,0,19,Femme,1,Berline,Strasbourg,Privé,Malus,
A0171,0.64,0,0,42,Homme,19,Cabriolet,Nantes,Privé,Bonus,
A0172,0.91,0,0,58,Femme,15,Citadine,Bordeaux,Privé,Bonus,
A0173,0.58,0,0,24,Femme,0,SUV,Lille,Professionnel,Bonus,
A0174,0.71,0,0,38,Femme,7,SUV,Marseille,Privé,,
A0175,0.69,0,0,38,Homme,1,Berline,Paris,Privé,,
A0176,0.63,2,4625,53,Femme,14,Cabriolet,Strasbourg,Professionnel,,2024-04-14
A0177,0.84,0,0,50,Homme,24,SUV,Strasbourg,Professionnel,,
A0178,0.77,0,0,55,Femme,14,Berline,Nice,Professionnel,,
A0179,0.61,0,0,64,Femme,10,Berline,Toulouse,Professionnel,Bonus,
A0180,0.65,0,0,68,Homme,20,Berline,Marseille,Professionnel,Malus,
A0181,0.71,3,5983,31,Homme,4,Cabriolet,Nantes,Privé,Malus,2024-06-25
A0182,0.72,2,4726,23,Femme,5,Cabriolet,Marseille,Professionnel,Bonus,2024-12-26
A0183,0.6,0,0,66,Homme,37,Break,Nice,Privé,,
A0184,0.68,0,0,43,Homme,25,SUV,Paris,Privé,,
A0185,0.51,2,8280,41,Femme,22,Berline,Paris,Professionnel,Malus,2024-01-06
A0186,0.51,1,17122,26,Femme,4,Berline,Lyon,Privé,Bonus,2024-05-29
A0187,0.87,0,0,63,Femme,0,Utilitaire,Lille,Professionnel,,
A0188,0.66,1,1013,63,Homme,17,Utilitaire,Strasbourg,Privé,,2024-04-26
A0189,0.5,3,16637,26,Homme,3,Berline,Nice,Professionnel,,2024-04-04
A0190,0.78,0,0,54,Femme,14,Break,Strasbourg,Privé,,
A0191,0.84,1,5054,51,Femme,22,Cabriolet,Lille,Privé,,2024-06-14
A0192,0.7,0,0,23,Femme,2,Berline,Lyon,Privé,,
A0193,0.57,0,0,42,Homme,5,SUV,Lille,Privé,Malus,
A0194,0.82,0,0,68,Femme,37,Citadine,Lyon,Privé,,
A0195,0.97,0,0,28,Femme,10,SUV,Strasbourg,Professionnel,,
A0196,0.92,0,0,51,Femme,18,Break,Toulouse,Privé,Malus,
A0197,0.54,0,0,60,Femme,23,SUV,Nantes,Professionnel,Bonus,
A0198,0.68,2,17187,59,Femme,28,Berline,Paris,Privé,Bonus,2024-10-02
A0199,0.65,1,3793,50,Femme,24,Cabriolet,Nice,Privé,Bonus,2024-04-22
A0200,0.53,0,0,61,Homme,23,Utilitaire,Nice,Privé,,
A0201,0.97,0,0,54,Femme,24,Cabriolet,Lyon,Professionnel,Bonus,
A0202,0.68,2,12889,24,Femme,5,Break,Strasbourg,Privé,Bonus,2024-08-24
A0203,0.73,1,14845,45,Femme,10,Citadine,Paris,Professionnel,Bonus,2024-07-03
A0204,0.6,0,0,67,Homme,37,Cabriolet,Strasbourg,Professionnel,Bonus,
A0205,0.52,1,513,48,Homme,26,Citadine,Marseille,Privé,Malus,2024-11-18
A0206,0.62,0,0,43,Homme,12,Citadine,Bordeaux,Professionnel,,
A0207,0.68,0,0,58,Homme,27,Break,Lyon,Privé,Malus,
A0208,0.93,1,17892,31,Homme,9,Cabriolet,Lyon,Privé,Malus,2024-11-08
A0209,0.81,0,0,33,Homme,8,SUV,Lyon,Professionnel,,
A0210,0.82,0,0,47,Homme,24,Berline,Lyon,Privé,Bonus,
A0211,1.0,1,14859,51,Femme,31,SUV,Lyon,Privé,Bonus,2024-01-09
A0212,0.95,0,0,31,Femme,8,Utilitaire,Nantes,Privé,,
A0213,0.52,0,0,56,Femme,17,Cabriolet,Paris,Professionnel,Bonus,
A0214,0.84,0,0,52,Femme,22,Cabriolet,Lille,Privé,Malus,
A0215,0.51,0,0,34,Femme,6,Berline,Lyon,Privé,Bonus,
A0216,1.0,2,8088,65,Homme,5,Utilitaire,Marseille,Professionnel,Malus,2024-04-03
A0217,0.91,1,7723,26,Femme,8,Cabriolet,Bordeaux,Professionnel,Bonus,2024-08-02
A0218,0.63,0,0,50,Homme,21,SUV,Rennes,Privé,Bonus,
A0219,0.57,1,9693,39,Femme,16,Berline,Nice,Professionnel,Malus,2024-08-19
A0220,0.6,0,0,38,Homme,9,Break,Strasbourg,Professionnel,,
A0221,0.83,1,11656,32,Femme,1,SUV,Strasbourg,Professionnel,Bonus,2024-11-30
A0222,0.68,0,0,39,Homme,8,Utilitaire,Bordeaux,Professionnel,,
A0223,0.99,0,0,54,Homme,33,Utilitaire,Toulouse,Privé,,
A0224,0.76,0,0,29,Homme,5,Berline,Rennes,Privé,Malus,
A0225,0.64,0,0,25,Homme,4,Cabriolet,Rennes,Professionnel,,
A0226,0.64,0,0,28,Homme,5,SUV,Rennes,Privé,Bonus,
A0227,0.61,1,4391,45,Femme,8,SUV,Nantes,Privé,,2024-04-09
A0228,1.0,0,0,40,Femme,7,Break,Nantes,Privé,Bonus,
A0229,0.88,0,0,50,Femme,0,Citadine,Nice,Professionnel,,
A0230,0.6,0,0,32,Femme,1,Break,Paris,Professionnel,,
A0231,0.57,0,0,50,Femme,27,Berline,Strasbourg,Privé,Bonus,
A0232,0.79,0,0,47,Femme,19,SUV,Nantes,Privé,Malus,
A0233,0.89,1,5669,39,Homme,13,Utilitaire,Rennes,Professionnel,Bonus,2024-09-29
A0234,0.93,0,0,53,Homme,27,Citadine,Marseille,Privé,,
A0235,0.85,0,0,28,Homme,0,Break,Lille,Privé,Malus,
A0236,0.99,0,0,60,Homme,6,Cabriolet,Nice,Privé,Bonus,
A0237,0.78,0,0,64,Homme,31,SUV,Nantes,Privé,Bonus,
A0238,0.59,0,0,55,Homme,11,Citadine,Nantes,Professionnel,Bonus,
A0239,0.96,0,0,50,Homme,0,Citadine,Rennes,Privé,Malus,
A0240,0.78,0,0,46,Homme,12,SUV,Lyon,Privé,,
A0241,0.8,0,0,68,Femme,22,Citadine,Lyon,Privé,Bonus,
A0242,0.77,0,0,32,Homme,4,Berline,Lyon,Professionnel,Malus,
A0243,0.61,0,0,21,Femme,1,Cabriolet,Marseille,Privé,Malus,
A0244,0.7,0,0,23,Homme,1,Citadine,Toulouse,Privé,Bonus,
A0245,0.82,1,5888,64,Femme,34,Utilitaire,Nantes,Privé,Bonus,2024-10-05
A0246,0.9,2,3218,67,Homme,15,Berline,Paris,Professionnel,,2024-09-01
A0247,0.8,0,0,56,Homme,15,Utilitaire,Lyon,Professionnel,Bonus,
A0248,0.8,3,11414,54,Femme,13,Citadine,Lille,Privé,Bonus,2024-08-06
A0249,0.76,0,0,69,Femme,16,Break,Lyon,Professionnel,Bonus,
A0250,0.77,0,0,24,Homme,1,SUV,Nice,Professionnel,,
A0251,0.86,0,0,62,Homme,40,SUV,Lille,Privé,Malus,
A0252,0.89,1,9018,35,Femme,12,Cabriolet,Lyon,Professionnel,Bonus,2024-06-06
A0253,0.87,0,0,63,Femme,24,Break,Strasbourg,Professionnel,Bonus,
A0254,0.57,0,0,20,Femme,2,Utilitaire,Lille,Privé,Bonus,
A0255,0.65,2,2846,31,Femme,1,Berline,Nice,Privé,,2024-02-01
A0256,0.64,0,0,25,Homme,0,Citadine,Lille,Professionnel,Bonus,
A0257,0.82,0,0,35,Femme,13,SUV,Lyon,Privé,Bonus,
A0258,0.53,1,8653,53,Homme,11,SUV,Rennes,Professionnel,Bonus,2024-02-04
A0259,0.52,0,0,30,Homme,5,Berline,Nantes,Professionnel,,
A0260,0.5,1,6141,31,Femme,2,Break,Nice,Privé,Bonus,2024-09-19
A0261,0.65,0,0,46,Homme,9,Break,Marseille,Professionnel,Malus,
A0262,0.79,0,0,30,Homme,3,Cabriolet,Strasbourg,Privé,Bonus,
A0263,0.6,0,0,21,Homme,2,Citadine,Nice,Privé,Bonus,
A0264,0.88,3,11784,61,Homme,25,Break,Bordeaux,Privé,Malus,2024-03-31
A0265,0.8,1,6782,28,Femme,3,Utilitaire,Paris,Professionnel,Malus,2024-03-26
A0266,0.73,0,0,61,Femme,18,Berline,Rennes,Professionnel,Bonus,
A0267,0.77,0,0,30,Homme,3,Cabriolet,Nantes,Privé,,
A0268,0.6,2,10081,54,Homme,23,Berline,Lille,Professionnel,,2024-05-04
A0269,0.56,0,0,64,Femme,24,SUV,Nantes,Professionnel,Malus,
A0270,0.59,0,0,39,Homme,5,Berline,Nice,Professionnel,Malus,
A0271,0.71,1,7431,60,Homme,23,Utilitaire,Toulouse,Professionnel,Malus,2024-08-14
A0272,0.81,0,0,57,Femme,10,Break,Strasbourg,Professionnel,Bonus,
A0273,0.65,0,0,60,Femme,39,Utilitaire,Nice,Professionnel,Bonus,
A0274,0.5,0,0,37,Homme,11,Citadine,Marseille,Privé,Malus,
A0275,0.73,0,0,30,Femme,10,SUV,Lyon,Professionnel,Malus,
A0276,0.68,0,0,50,Homme,9,Berline,Nantes,Professionnel,Malus,
A0277,0.57,1,1322,40,Homme,3,Utilitaire,Bordeaux,Privé,Bonus,2024-01-07
A0278,0.7,0,0,37,Homme,16,Break,Rennes,Professionnel,Malus,
A0279,0.57,3,2486,44,Femme,7,Utilitaire,Lyon,Privé,Bonus,2024-09-24
A0280,0.89,3,7427,30,Homme,8,Break,Nice,Privé,,2024-07-25
A0281,0.83,0,0,58,Homme,36,Berline,Strasbourg,Privé,Bonus,
A0282,0.58,2,5029,22,Homme,2,Berline,Strasbourg,Professionnel,Malus,2024-01-29
A0283,0.54,0,0,45,Femme,26,Cabriolet,Rennes,Professionnel,Malus,
A0284,0.99,2,18331,53,Homme,12,Citadine,Nantes,Privé,Bonus,2024-02-09
A0285,0.8,0,0,31,Femme,9,Utilitaire,Strasbourg,Professionnel,Malus,
A0286,0.98,0,0,27,Femme,4,Break,Toulouse,Professionnel,Malus,
A0287,0.64,0,0,58,Homme,31,Cabriolet,Toulouse,Professionnel,,
A0288,0.51,1,2167,49,Femme,11,Utilitaire,Rennes,Privé,Bonus,2024-05-28
A0289,0.57,0,0,26,Homme,6,Utilitaire,Paris,Professionnel,Bonus,
A0290,0.63,0,0,29,Homme,6,SUV,Nice,Privé,,
A0291,0.63,0,0,36,Femme,0,Cabriolet,Marseille,Professionnel,Bonus,
A0292,0.88,0,0,30,Homme,2,Berline,Lille,Privé,,
A0293,0.6,0,0,28,Femme,5,Berline,Lille,Professionnel,Malus,
A0294,0.68,0,0,37,Femme,8,Cabriolet,Strasbourg,Professionnel,Malus,
A0295,0.64,0,0,49,Homme,22,Cabriolet,Nantes,Professionnel,Malus,
A0296,0.85,0,0,66,Homme,34,Citadine,Paris,Privé,Bonus,
A0297,0.97,2,4645,22,Femme,4,Cabriolet,Rennes,Privé,Bonus,2024-06-03
A0298,0.84,0,0,41,Femme,19,Citadine,Paris,Professionnel,Bonus,
A0299,0.59,2,1343,33,Femme,8,Berline,Marseille,Privé,Malus,2024-07-22
A0300,0.9,0,0,58,Homme,23,Utilitaire,Bordeaux,Professionnel,Malus,
A0301,0.93,0,0,28,Femme,5,Utilitaire,Bordeaux,Professionnel,,
A0302,0.96,0,0,23,Homme,4,Cabriolet,Strasbourg,Privé,Bonus,
A0303,0.57,2,4000,27,Homme,1,Break,Rennes,Professionnel,Malus,2024-08-19
A0304,0.84,0,0,26,Homme,1,Break,Bordeaux,Privé,Malus,
A0305,0.72,1,3201,70,Homme,21,Berline,Toulouse,Privé,Bonus,2024-04-14
A0306,0.51,0,0,37,Femme,8,Utilitaire,Paris,Privé,,
A0307,0.72,2,3430,57,Homme,36,Citadine,Toulouse,Professionnel,,2024-06-13
A0308,0.59,0,0,22,Homme,0,SUV,Bordeaux,Privé,Bonus,
A0309,0.57,0,0,31,Homme,3,Berline,Paris,Professionnel,Bonus,
A0310,0.89,0,0,42,Femme,9,Cabriolet,Lille,Privé,,
A0311,0.91,0,0,49,Homme,7,Citadine,Marseille,Privé,Bonus,
A0312,0.78,0,0,60,Femme,18,Berline,Rennes,Professionnel,,
A0313,0.53,3,16613,59,Femme,14,Berline,Lyon,Professionnel,Malus,2024-07-07
A0314,0.82,0,0,60,Homme,22,Citadine,Nantes,Privé,,
A0315,0.91,2,18840,49,Homme,7,Break,Nantes,Privé,Malus,2024-05-21
A0316,0.67,2,16265,61,Femme,5,Citadine,Lille,Professionnel,Malus,2024-12-13
A0317,0.73,2,16950,56,Homme,14,Utilitaire,Lille,Professionnel,Bonus,2024-08-24
A0318,0.5,1,16662,70,Homme,26,SUV,Bordeaux,Professionnel,,2024-09-21
A0319,0.65,0,0,44,Homme,18,Break,Nice,Privé,Malus,
A0320,0.99,1,7850,27,Homme,4,Utilitaire,Toulouse,Privé,Malus,2024-10-16
A0321,0.82,0,0,70,Homme,10,Citadine,Nantes,Privé,Malus,
A0322,0.79,0,0,57,Femme,30,Citadine,Strasbourg,Professionnel,Malus,
A0323,0.62,0,0,28,Homme,2,Break,Nice,Professionnel,,
A0324,0.96,0,0,19,Homme,0,SUV,Nice,Privé,Malus,
A0325,0.63,0,0,23,Femme,1,Cabriolet,Bordeaux,Privé,Bonus,
A0326,0.8,0,0,48,Homme,16,Berline,Bordeaux,Privé,Malus,
A0327,0.82,0,0,28,Femme,5,Berline,Toulouse,Professionnel,Bonus,
A0328,0.87,1,955,38,Homme,14,Utilitaire,Lille,Privé,Bonus,2024-10-21
A0329,0.96,0,0,54,Femme,20,Utilitaire,Marseille,Privé,,
A0330,0.56,2,11721,24,Homme,4,Berline,Rennes,Professionnel,Malus,2024-07-27
A0331,0.58,3,12127,26,Homme,7,Break,Rennes,Professionnel,Malus,2024-01-19
A0332,0.77,1,6123,40,Femme,8,Berline,Lyon,Professionnel,Bonus,2024-10-04
A0333,0.77,2,13672,60,Homme,40,Berline,Paris,Privé,Malus,2024-05-27
A0334,0.8,0,0,67,Femme,10,Break,Nice,Professionnel,Malus,
A0335,0.89,0,0,48,Homme,16,Break,Nantes,Professionnel,Bonus,
A0336,0.64,0,0,68,Femme,12,Berline,Toulouse,Professionnel,,
A0337,0.7,1,5566,36,Homme,1,Citadine,Marseille,Privé,,2024-04-28
A0338,0.61,0,0,68,Homme,20,SUV,Rennes,Professionnel,Bonus,
A0339,0.64,0,0,48,Homme,24,Cabriolet,Marseille,Professionnel,Bonus,
A0340,0.97,1,963,59,Femme,22,Berline,Toulouse,Professionnel,Bonus,2024-09-16
A0341,0.64,1,9592,50,Homme,5,SUV,Bordeaux,Professionnel,,2024-07-16
A0342,0.83,1,10553,37,Homme,4,Citadine,Bordeaux,Professionnel,Bonus,2024-10-21
A0343,0.8,1,1736,33,Homme,12,Break,Paris,Professionnel,Malus,2024-12-28
A0344,0.51,1,7497,50,Homme,18,SUV,Toulouse,Professionnel,,2024-06-12
A0345,0.73,0,0,47,Homme,22,Utilitaire,Nantes,Professionnel,Bonus,
A0346,0.85,0,0,33,Homme,7,Cabriolet,Paris,Professionnel,,
A0347,0.81,0,0,22,Femme,2,Citadine,Paris,Privé,Bonus,
A0348,0.52,1,17680,40,Homme,0,Citadine,Lille,Privé,,2024-01-03
A0349,0.51,2,15456,35,Femme,0,Berline,Lyon,Privé,Malus,2024-05-21
A0350,0.6,0,0,22,Homme,4,Citadine,Lyon,Privé,Malus,
A0351,0.64,1,6337,27,Femme,5,Cabriolet,Bordeaux,Professionnel,,2024-03-15
A0352,0.89,0,0,45,Homme,24,SUV,Nantes,Professionnel,,
A0353,0.94,1,19828,62,Femme,2,Citadine,Paris,Privé,,2024-11-29
A0354,0.7,0,0,55,Femme,22,Utilitaire,Nantes,Professionnel,Bonus,
A0355,0.58,0,0,31,Femme,7,Break,Nice,Privé,Bonus,
A0356,0.56,1,7429,54,Femme,11,Utilitaire,Marseille,Professionnel,Bonus,2024-05-01
A0357,0.72,0,0,35,Femme,4,SUV,Rennes,Privé,Malus,
A0358,0.71,0,0,42,Femme,8,Cabriolet,Marseille,Privé,,
A0359,0.59,2,9463,33,Homme,3,Utilitaire,Bordeaux,Privé,,2024-06-23
A0360,0.87,1,14483,41,Homme,18,SUV,Marseille,Privé,,2024-08-22
A0361,0.57,0,0,21,Homme,0,Cabriolet,Marseille,Privé,,
A0362,0.81,0,0,51,Homme,32,Utilitaire,Lyon,Professionnel,Malus,
A0363,0.86,1,3112,22,Femme,0,Citadine,Nantes,Privé,,2024-06-13
A0364,0.97,2,17595,21,Homme,2,Break,Rennes,Privé,Bonus,2024-11-17
A0365,0.81,0,0,41,Femme,12,Utilitaire,Marseille,Professionnel,Bonus,
A0366,0.96,3,16057,42,Homme,19,Citadine,Lyon,Professionnel,Malus,2024-11-03
A0367,0.59,1,12608,64,Homme,39,SUV,Lyon,Professionnel,,2024-03-26
A0368,0.97,0,0,55,Homme,33,Citadine,Paris,Professionnel,Bonus,
A0369,0.62,1,7813,27,Homme,2,Cabriolet,Bordeaux,Professionnel,,2024-05-03
A0370,0.71,0,0,56,Homme,27,SUV,Bordeaux,Professionnel,Bonus,
A0371,0.74,0,0,42,Homme,3,Cabriolet,Bordeaux,Professionnel,Malus,
A0372,0.61,1,838,58,Femme,11,Citadine,Nice,Privé,,2024-12-17
A0373,0.57,2,4580,29,Femme,2,SUV,Marseille,Professionnel,Malus,2024-05-23
A0374,0.59,0,0,32,Homme,2,Citadine,Toulouse,Privé,Bonus,
A0375,0.76,0,0,46,Homme,20,SUV,Marseille,Privé,Malus,
A0376,0.86,1,11172,18,Femme,0,Berline,Lille,Professionnel,,2024-07-18
A0377,0.87,0,0,36,Homme,15,Utilitaire,Lille,Privé,Malus,
A0378,0.96,2,1271,20,Femme,1,Break,Nice,Privé,,2024-02-19
A0379,0.69,2,9410,18,Homme,0,Berline,Toulouse,Privé,Malus,2024-01-04
A0380,0.97,2,14307,32,Homme,1,SUV,Lille,Professionnel,Bonus,2024-04-27
A0381,0.98,2,9352,44,Femme,0,Berline,Marseille,Professionnel,Bonus,2024-07-03
A0382,0.86,2,18720,23,Femme,5,SUV,Lyon,Privé,,2024-03-04
A0383,0.57,0,0,52,Homme,26,Utilitaire,Nice,Privé,,
A0384,0.56,1,8692,27,Femme,2,Break,Bordeaux,Professionnel,,2024-05-09
A0385,0.91,0,0,18,Homme,0,Utilitaire,Lyon,Professionnel,Bonus,
A0386,0.99,2,2955,29,Femme,7,Berline,Lyon,Privé,Malus,2024-04-13
A0387,0.63,2,544,23,Homme,4,SUV,Rennes,Privé,,2024-11-20
A0388,0.97,1,10961,44,Homme,15,Break,Lille,Privé,Malus,2024-09-10
A0389,0.54,0,0,26,Homme,5,Utilitaire,Nice,Professionnel,Malus,
A0390,0.89,0,0,40,Femme,19,Berline,Bordeaux,Privé,Bonus,
A0391,0.78,0,0,34,Homme,7,Berline,Strasbourg,Privé,Malus,
A0392,0.78,0,0,70,Homme,15,Berline,Bordeaux,Privé,Malus,
A0393,0.51,1,12276,60,Femme,18,Citadine,Paris,Professionnel,Bonus,2024-08-25
A0394,0.93,0,0,60,Femme,18,Break,Nice,Professionnel,,
A0395,0.79,0,0,58,Homme,26,Berline,Lyon,Privé,Malus,
A0396,0.96,0,0,41,Homme,0,SUV,Lyon,Privé,Malus,
A0397,0.89,3,4634,65,Homme,5,Break,Rennes,Privé,Bonus,2024-01-03
A0398,0.7,2,12462,24,Homme,4,Citadine,Lyon,Privé,,2024-04-28
A0399,0.52,0,0,45,Femme,13,Cabriolet,Nice,Professionnel,Malus,
A0400,0.71,2,12366,53,Homme,14,Berline,Marseille,Professionnel,Bonus,2024-07-11
A0401,0.84,0,0,67,Femme,10,Cabriolet,Bordeaux,Privé,Bonus,
A0402,0.97,3,2920,29,Homme,3,Cabriolet,Marseille,Privé,Bonus,2024-07-31
A0403,0.94,2,10844,58,Femme,6,Berline,Lille,Professionnel,Malus,2024-02-06
A0404,0.51,0,0,27,Femme,7,Berline,Lyon,Professionnel,Bonus,
A0405,0.75,1,3203,57,Femme,4,Break,Bordeaux,Privé,,2024-12-19
A0406,0.73,0,0,50,Homme,14,Cabriolet,Lille,Professionnel,Malus,
A0407,0.67,3,3604,50,Femme,32,Utilitaire,Paris,Privé,Bonus,2024-05-23
A0408,0.62,2,15107,54,Homme,31,Citadine,Lille,Privé,Bonus,2024-06-18
A0409,0.58,1,6260,24,Homme,1,Break,Toulouse,Privé,Malus,2024-01-19
A0410,0.73,0,0,19,Homme,0,Berline,Toulouse,Professionnel,Bonus,
A0411,0.95,1,3592,44,Homme,17,Citadine,Marseille,Privé,Bonus,2024-10-31
A0412,0.76,0,0,36,Femme,4,Break,Lille,Professionnel,,
A0413,0.89,0,0,47,Femme,20,Citadine,Nantes,Privé,,
A0414,0.82,0,0,33,Homme,8,Break,Toulouse,Professionnel,,
A0415,0.96,0,0,46,Femme,9,Break,Marseille,Professionnel,Bonus,
A0416,0.57,0,0,27,Femme,8,Break,Lille,Professionnel,Malus,
A0417,0.66,0,0,30,Femme,4,Break,Paris,Professionnel,,
A0418,0.78,0,0,59,Homme,18,Citadine,Nantes,Privé,,
A0419,0.77,0,0,36,Homme,10,Berline,Bordeaux,Professionnel,Bonus,
A0420,0.62,0,0,55,Femme,15,Cabriolet,Bordeaux,Privé,Malus,
A0421,0.65,1,7708,55,Femme,2,Cabriolet,Toulouse,Professionnel,,2024-01-20
A0422,0.72,2,14140,70,Homme,2,SUV,Lyon,Professionnel,,2024-06-20
A0423,0.68,0,0,34,Homme,5,Cabriolet,Lille,Privé,Malus,
A0424,0.83,0,0,57,Homme,7,Utilitaire,Nice,Professionnel,Malus,
A0425,0.61,0,0,60,Femme,4,SUV,Nice,Professionnel,Bonus,
A0426,0.61,2,15035,50,Homme,15,Utilitaire,Paris,Professionnel,,2024-05-08
A0427,0.59,0,0,26,Femme,0,Cabriolet,Lille,Professionnel,Malus,
A0428,0.51,0,0,33,Femme,1,Break,Lyon,Privé,Bonus,
A0429,0.62,0,0,51,Homme,21,SUV,Lyon,Privé,,
A0430,0.74,0,0,29,Femme,3,SUV,Toulouse,Privé,Bonus,
A0431,0.8,0,0,56,Femme,11,Utilitaire,Nice,Privé,Malus,
A0432,0.54,0,0,34,Femme,12,Break,Bordeaux,Professionnel,,
A0433,0.88,0,0,40,Femme,13,Cabriolet,Nice,Privé,,
A0434,1.0,0,0,46,Homme,15,Utilitaire,Lyon,Privé,Bonus,
A0435,0.89,0,0,24,Homme,4,Berline,Toulouse,Professionnel,Malus,
A0436,0.88,2,17281,47,Femme,6,Berline,Rennes,Professionnel,Malus,2024-11-21
A0437,0.85,1,10037,45,Femme,22,Citadine,Bordeaux,Professionnel,,2024-11-28
A0438,0.67,1,15870,48,Femme,22,Citadine,Paris,Privé,Bonus,2024-09-05
A0439,0.95,0,0,20,Homme,0,Citadine,Strasbourg,Privé,Bonus,
A0440,0.62,0,0,56,Femme,34,Break,Lille,Professionnel,,
A0441,0.88,0,0,22,Femme,3,Break,Lille,Privé,Bonus,
A0442,0.8,3,8740,50,Homme,1,Berline,Bordeaux,Privé,Malus,2024-07-05
A0443,0.69,0,0,59,Homme,38,SUV,Rennes,Professionnel,Malus,
A0444,0.97,0,0,40,Homme,6,Break,Rennes,Professionnel,Malus,
A0445,0.58,0,0,66,Femme,27,Break,Lyon,Professionnel,Malus,
A0446,0.81,1,18439,28,Homme,1,Cabriolet,Nice,Privé,Bonus,2024-01-08
A0447,0.59,3,3898,43,Homme,6,Utilitaire,Lyon,Professionnel,,2024-11-14
A0448,0.62,0,0,46,Femme,11,Cabriolet,Rennes,Professionnel,,
A0449,0.73,0,0,32,Femme,3,Citadine,Paris,Privé,Bonus,
A0450,0.68,0,0,69,Homme,19,Cabriolet,Lyon,Privé,Malus,
A0451,0.63,0,0,28,Homme,7,Cabriolet,Rennes,Privé,,
A0452,0.88,1,14476,55,Femme,16,Utilitaire,Bordeaux,Privé,Bonus,2024-05-05
A0453,0.89,1,11479,27,Femme,6,Citadine,Lyon,Privé,Bonus,2024-08-12
A0454,0.93,2,17600,54,Homme,13,Berline,Bordeaux,Privé,,2024-05-08
A0455,0.68,0,0,22,Femme,4,SUV,Paris,Professionnel,Malus,
A0456,0.5,0,0,57,Homme,8,SUV,Toulouse,Professionnel,Malus,
A0457,0.56,0,0,28,Homme,3,Utilitaire,Rennes,Privé,,
A0458,0.81,1,7821,69,Femme,6,Utilitaire,Paris,Professionnel,Malus,2024-01-30
A0459,0.99,0,0,55,Homme,18,Utilitaire,Lille,Professionnel,Bonus,
A0460,0.64,0,0,65,Femme,38,Citadine,Lille,Professionnel,Malus,
A0461,0.94,0,0,38,Homme,13,Utilitaire,Nantes,Professionnel,Bonus,
A0462,0.6,0,0,22,Femme,4,Utilitaire,Strasbourg,Privé,Bonus,
A0463,0.52,0,0,21,Homme,2,Citadine,Nantes,Professionnel,Malus,
A0464,0.99,1,17777,57,Femme,13,Citadine,Strasbourg,Professionnel,Bonus,2024-07-20
A0465,0.8,0,0,49,Homme,24,Utilitaire,Nice,Privé,,
A0466,0.9,1,10602,67,Femme,3,Berline,Rennes,Privé,,2024-12-29
A0467,0.6,0,0,55,Homme,31,SUV,Bordeaux,Privé,Malus,
A0468,0.67,1,12542,31,Femme,10,Citadine,Bordeaux,Professionnel,Bonus,2024-09-26
A0469,0.76,0,0,53,Femme,23,Citadine,Lyon,Professionnel,Malus,
A0470,0.6,0,0,60,Femme,18,Break,Strasbourg,Professionnel,Malus,
A0471,0.9,0,0,57,Femme,8,Cabriolet,Paris,Professionnel,Bonus,
A0472,0.61,0,0,18,Femme,0,Utilitaire,Lyon,Privé,,
A0473,0.75,0,0,23,Femme,2,Berline,Strasbourg,Professionnel,Malus,
A0474,0.97,0,0,25,Homme,7,Utilitaire,Bordeaux,Professionnel,Bonus,
A0475,0.71,1,12333,70,Femme,31,Cabriolet,Marseille,Professionnel,Malus,2024-10-01
A0476,0.68,0,0,20,Femme,0,SUV,Nantes,Professionnel,,
A0477,1.0,2,13811,52,Femme,11,Berline,Lille,Professionnel,Malus,2024-08-27
A0478,0.94,0,0,22,Homme,1,Break,Lille,Professionnel,,
A0479,0.54,0,0,52,Homme,29,SUV,Nice,Professionnel,,
A0480,0.99,2,5559,61,Femme,1,Citadine,Lille,Professionnel,,2024-03-30
A0481,0.93,1,19885,55,Homme,3,Cabriolet,Lille,Professionnel,,2024-11-11
A0482,0.94,1,15144,22,Homme,1,Utilitaire,Rennes,Professionnel,Bonus,2024-12-09
A0483,0.72,0,0,45,Homme,26,Cabriolet,Lille,Privé,Bonus,
A0484,0.56,0,0,58,Homme,39,Citadine,Strasbourg,Privé,,
A0485,0.63,1,9482,37,Homme,16,Utilitaire,Nantes,Privé,Malus,2024-03-04
A0486,0.5,0,0,62,Femme,20,SUV,Nantes,Professionnel,,
A0487,0.8,0,0,46,Homme,18,Utilitaire,Lyon,Professionnel,Bonus,
A0488,0.74,1,5355,50,Femme,29,Cabriolet,Bordeaux,Professionnel,,2024-02-21
A0489,0.92,0,0,41,Femme,14,Citadine,Nantes,Professionnel,Malus,
A0490,0.64,2,6082,33,Homme,8,Cabriolet,Nice,Professionnel,Bonus,2024-07-04
A0491,0.77,3,10600,61,Femme,16,Cabriolet,Paris,Professionnel,Malus,2024-04-13
A0492,0.73,1,13891,24,Femme,4,Utilitaire,Nice,Privé,,2024-10-11
A0493,0.62,0,0,30,Homme,3,Utilitaire,Lyon,Professionnel,,
A0494,0.59,0,0,70,Femme,26,Break,Toulouse,Privé,Malus,
A0495,0.85,0,0,26,Femme,3,SUV,Paris,Professionnel,,
A0496,0.65,1,13099,21,Homme,1,Berline,Lille,Privé,Bonus,2024-06-13
A0497,0.84,0,0,63,Femme,15,Citadine,Strasbourg,Privé,,
A0498,0.66,0,0,65,Femme,37,Citadine,Bordeaux,Professionnel,Malus,
A0499,0.67,0,0,39,Homme,12,Cabriolet,Nantes,Professionnel,,
A0500,0.82,0,0,38,Femme,17,Break,Rennes,Privé,Bonus,
A0501,0.98,0,0,21,Homme,2,Cabriolet,Lille,Professionnel,,
A0502,0.75,0,0,55,Femme,25,SUV,Lille,Professionnel,Malus,
A0503,0.69,1,4619,57,Femme,6,Cabriolet,Nice,Privé,Malus,2024-02-27
A0504,0.64,0,0,26,Homme,3,Citadine,Strasbourg,Privé,Bonus,
A0505,0.78,1,18447,35,Homme,12,Utilitaire,Bordeaux,Privé,Malus,2024-07-17
A0506,0.78,1,14423,34,Femme,6,Citadine,Lille,Privé,,2024-03-31
A0507,0.81,1,1587,59,Homme,5,SUV,Marseille,Privé,,2024-03-17
A0508,0.81,1,7151,67,Homme,14,SUV,Lille,Professionnel,Malus,2024-08-22
A0509,0.67,1,15502,25,Femme,6,Utilitaire,Bordeaux,Professionnel,Bonus,2024-07-12
A0510,0.86,0,0,35,Femme,10,SUV,Paris,Professionnel,,
A0511,0.82,2,2059,46,Homme,22,SUV,Toulouse,Professionnel,Malus,2024-04-14
A0512,0.64,2,17342,63,Femme,14,Berline,Lille,Privé,Malus,2024-07-19
A0513,0.83,2,18064,56,Femme,27,Citadine,Lille,Privé,Malus,2024-08-07
A0514,0.86,2,12100,56,Homme,15,SUV,Strasbourg,Privé,Malus,2024-11-03
A0515,0.72,0,0,60,Homme,28,Cabriolet,Strasbourg,Privé,Bonus,
A0516,0.79,0,0,61,Femme,34,Citadine,Lille,Privé,,
A0517,0.59,0,0,33,Homme,4,Berline,Rennes,Privé,Bonus,
A0518,0.8,1,9477,42,Homme,18,Citadine,Bordeaux,Professionnel,Bonus,2024-03-18
A0519,0.87,0,0,50,Femme,10,SUV,Toulouse,Professionnel,Bonus,
A0520,0.85,0,0,29,Femme,0,Berline,Nantes,Professionnel,Malus,
A0521,0.95,0,0,48,Femme,19,Utilitaire,Strasbourg,Privé,Malus,
A0522,0.74,0,0,63,Homme,40,Utilitaire,Nice,Privé,Malus,
A0523,0.53,0,0,43,Femme,10,Utilitaire,Paris,Privé,,
A0524,0.56,3,2327,36,Femme,9,Berline,Rennes,Professionnel,Malus,2024-07-08
A0525,0.55,0,0,67,Femme,29,Citadine,Rennes,Professionnel,Bonus,
A0526,0.53,0,0,28,Homme,8,Cabriolet,Marseille,Privé,Malus,
A0527,0.7,0,0,18,Femme,0,Break,Nantes,Privé,Bonus,
A0528,0.78,1,8194,33,Homme,10,SUV,Bordeaux,Professionnel,Malus,2024-03-04
A0529,0.75,0,0,24,Homme,2,Citadine,Paris,Privé,,
A0530,0.78,2,18587,19,Femme,0,Berline,Nice,Privé,Bonus,2024-02-21
A0531,0.54,0,0,52,Homme,20,Break,Bordeaux,Professionnel,Bonus,
A0532,0.82,0,0,69,Femme,25,Citadine,Paris,Privé,,
A0533,0.52,0,0,31,Femme,5,Cabriolet,Rennes,Privé,Malus,
A0534,0.63,0,0,57,Femme,17,Citadine,Marseille,Professionnel,Bonus,
A0535,0.88,0,0,44,Femme,24,Break,Paris,Professionnel,Bonus,
A0536,0.83,0,0,66,Homme,32,SUV,Marseille,Professionnel,Bonus,
A0537,0.92,1,18466,69,Femme,2,Cabriolet,Lille,Privé,,2024-10-12
A0538,0.53,0,0,33,Homme,10,Berline,Paris,Privé,Bonus,
A0539,0.97,0,0,67,Homme,6,Utilitaire,Toulouse,Professionnel,Malus,
A0540,0.89,0,0,53,Femme,10,Break,Toulouse,Privé,Malus,
A0541,0.69,0,0,68,Homme,12,SUV,Lyon,Privé,Bonus,
A0542,0.88,1,16211,37,Femme,17,Utilitaire,Lyon,Professionnel,,2024-12-30
A0543,0.94,1,5544,41,Femme,23,SUV,Paris,Privé,Malus,2024-01-24
A0544,0.86,1,18468,18,Femme,0,Utilitaire,Marseille,Privé,,2024-02-21
A0545,0.61,2,19869,63,Femme,36,Break,Marseille,Privé,,2024-07-18
A0546,0.83,0,0,51,Homme,11,Berline,Nice,Privé,Malus,
A0547,0.89,1,6457,30,Femme,12,Berline,Bordeaux,Professionnel,Bonus,2024-05-07
A0548,0.59,0,0,49,Femme,20,SUV,Toulouse,Privé,Malus,
A0549,0.7,0,0,31,Homme,1,Utilitaire,Nice,Professionnel,Malus,
A0550,0.77,2,11931,26,Homme,2,Cabriolet,Nantes,Professionnel,Bonus,2024-10-11
A0551,0.61,1,18360,52,Femme,7,Citadine,Marseille,Privé,Malus,2024-02-07
A0552,0.65,1,2502,59,Femme,23,SUV,Nantes,Professionnel,,2024-12-21
A0553,0.76,0,0,26,Homme,6,Break,Paris,Privé,Malus,
A0554,0.8,2,4015,57,Femme,14,Break,Nantes,Professionnel,Malus,2024-08-27
A0555,0.73,1,13260,27,Homme,5,Citadine,Nice,Privé,,2024-05-19
A0556,0.59,0,0,57,Homme,11,SUV,Nice,Professionnel,Bonus,
A0557,0.89,0,0,66,Homme,39,SUV,Nice,Professionnel,,
A0558,0.52,0,0,33,Homme,10,Citadine,Marseille,Privé,Bonus,
A0559,0.91,0,0,54,Homme,27,SUV,Nice,Privé,,
A0560,0.64,3,3901,29,Femme,10,Berline,Toulouse,Privé,Malus,2024-10-15
A0561,0.52,0,0,49,Homme,23,Utilitaire,Lille,Privé,Bonus,
A0562,0.89,0,0,50,Femme,10,SUV,Paris,Professionnel,Bonus,
A0563,0.65,1,16945,40,Femme,11,Berline,Bordeaux,Professionnel,Bonus,2024-07-20
A0564,0.67,2,6008,61,Homme,17,Utilitaire,Marseille,Professionnel,Malus,2024-02-04
A0565,0.83,1,9573,46,Femme,8,Cabriolet,Toulouse,Privé,Bonus,2024-01-07
A0566,0.89,1,992,52,Femme,26,Utilitaire,Nantes,Professionnel,,2024-04-16
A0567,0.53,2,18286,24,Femme,0,Citadine,Lille,Professionnel,,2024-06-08
A0568,0.61,0,0,58,Femme,22,SUV,Nice,Privé,Bonus,
A0569,0.61,3,7565,42,Homme,16,SUV,Nantes,Professionnel,,2024-04-09
A0570,0.59,0,0,31,Femme,2,Cabriolet,Rennes,Privé,,
A0571,0.58,2,17176,58,Homme,33,Cabriolet,Bordeaux,Professionnel,Bonus,2024-01-05
A0572,0.92,0,0,22,Homme,2,SUV,Marseille,Privé,Bonus,
A0573,0.54,1,10016,65,Femme,0,Berline,Strasbourg,Professionnel,Bonus,2024-05-15
A0574,0.85,2,12917,60,Femme,18,Break,Paris,Professionnel,,2024-10-10
A0575,0.52,2,14425,52,Homme,18,Cabriolet,Rennes,Privé,Bonus,2024-06-15
A0576,0.6,1,6947,36,Femme,4,Citadine,Nantes,Privé,,2024-07-07
A0577,0.79,0,0,44,Homme,11,SUV,Nice,Professionnel,Malus,
A0578,0.83,1,11960,21,Femme,2,Citadine,Marseille,Professionnel,Bonus,2024-12-06
A0579,0.79,0,0,36,Femme,1,Break,Lyon,Professionnel,Bonus,
A0580,0.65,0,0,36,Femme,3,Cabriolet,Lyon,Professionnel,Malus,
A0581,0.58,1,10817,30,Femme,0,Utilitaire,Rennes,Professionnel,Bonus,2024-01-13
A0582,0.87,2,9534,43,Homme,20,Berline,Nice,Privé,Bonus,2024-06-09
A0583,0.82,0,0,40,Femme,20,Citadine,Nice,Privé,Malus,
A0584,0.85,2,19889,61,Homme,39,Break,Strasbourg,Professionnel,Malus,2024-12-26
A0585,0.62,0,0,51,Homme,8,Utilitaire,Toulouse,Professionnel,Bonus,
A0586,0.87,0,0,32,Homme,8,Utilitaire,Nantes,Privé,,
A0587,0.62,0,0,25,Femme,4,Cabriolet,Toulouse,Privé,,
A0588,0.52,1,2025,68,Homme,11,Berline,Rennes,Professionnel,,2024-01-28
A0589,0.54,0,0,60,Femme,33,SUV,Paris,Privé,Bonus,
A0590,0.87,0,0,37,Femme,11,Break,Lille,Privé,Bonus,
A0591,0.98,0,0,31,Homme,0,Citadine,Rennes,Professionnel,,
A0592,0.61,0,0,30,Femme,0,SUV,Toulouse,Professionnel,Bonus,
A0593,0.99,0,0,46,Homme,26,Utilitaire,Rennes,Professionnel,,
A0594,0.53,0,0,34,Femme,4,Utilitaire,Strasbourg,Privé,Bonus,
A0595,0.99,1,19563,50,Homme,24,Berline,Paris,Privé,,2024-08-19
A0596,0.81,3,12391,36,Homme,5,Citadine,Nice,Privé,,2024-07-31
A0597,0.65,0,0,51,Homme,2,Break,Marseille,Professionnel,Bonus,
A0598,0.78,2,8180,66,Femme,6,Citadine,Rennes,Privé,,2024-08-05
A0599,0.72,1,11607,48,Homme,1,SUV,Paris,Professionnel,Bonus,2024-05-30
A0600,0.76,0,0,48,Homme,22,Break,Toulouse,Privé,,
A0601,0.79,1,15193,43,Femme,1,Utilitaire,Strasbourg,Privé,Malus,2024-08-19
A0602,0.91,0,0,38,Homme,14,Berline,Marseille,Professionnel,Malus,
A0603,0.7,0,0,25,Femme,4,Citadine,Nantes,Professionnel,Bonus,
A0604,0.9,0,0,18,Homme,0,Cabriolet,Rennes,Professionnel,Bonus,
A0605,0.96,0,0,24,Homme,3,SUV,Bordeaux,Privé,Malus,
A0606,0.6,1,1193,23,Homme,1,Berline,Lyon,Professionnel,Bonus,2024-10-30
A0607,0.89,3,14045,67,Femme,14,Cabriolet,Paris,Professionnel,,2024-05-12
A0608,0.76,0,0,36,Homme,11,Berline,Rennes,Professionnel,,
A0609,0.8,1,2061,46,Femme,17,Citadine,Rennes,Professionnel,Bonus,2024-09-01
A0610,0.84,1,18357,65,Homme,33,SUV,Lille,Privé,Bonus,2024-04-21
A0611,0.82,0,0,37,Homme,16,Break,Nice,Professionnel,,
A0612,0.81,0,0,45,Homme,10,Break,Paris,Privé,Malus,
A0613,0.69,0,0,30,Femme,10,Citadine,Toulouse,Privé,Malus,
A0614,0.97,1,2254,57,Homme,25,Break,Nantes,Privé,Malus,2024-03-06
A0615,0.54,3,10668,60,Homme,29,Break,Marseille,Professionnel,Bonus,2024-10-17
A0616,0.84,0,0,19,Homme,1,Break,Nice,Professionnel,Bonus,
A0617,0.79,1,18394,31,Femme,10,Citadine,Rennes,Professionnel,,2024-12-15
A0618,0.7,3,5068,69,Homme,3,Berline,Paris,Professionnel,Malus,2024-01-04
A0619,0.69,3,13557,50,Femme,19,SUV,Nantes,Privé,Malus,2024-02-16
A0620,0.74,0,0,30,Homme,5,Berline,Nice,Professionnel,Bonus,
A0621,0.6,1,3531,19,Femme,0,Cabriolet,Toulouse,Privé,Malus,2024-03-31
A0622,0.92,1,1107,18,Femme,0,Citadine,Bordeaux,Professionnel,,2024-08-11
A0623,0.71,1,17514,64,Homme,32,SUV,Marseille,Privé,Malus,2024-07-24
A0624,0.69,0,0,21,Homme,1,Cabriolet,Paris,Professionnel,,
A0625,0.68,0,0,41,Femme,3,Utilitaire,Lille,Professionnel,,
A0626,0.69,0,0,39,Femme,11,Citadine,Lyon,Privé,Bonus,
A0627,0.75,0,0,28,Femme,9,Citadine,Strasbourg,Privé,,
A0628,0.77,0,0,23,Femme,4,Break,Marseille,Professionnel,Bonus,
A0629,1.0,3,14389,20,Homme,1,Berline,Lyon,Privé,,2024-08-07
A0630,0.63,0,0,53,Homme,31,Break,Marseille,Privé,,
A0631,0.54,1,11961,48,Homme,6,SUV,Lyon,Professionnel,,2024-01-28
A0632,0.65,1,9852,64,Homme,23,Break,Lille,Privé,,2024-10-21
A0633,0.84,0,0,70,Homme,38,Utilitaire,Nantes,Privé,Bonus,
A0634,0.77,0,0,32,Femme,4,Berline,Paris,Professionnel,Malus,
A0635,0.68,0,0,48,Femme,1,Berline,Lyon,Professionnel,Malus,
A0636,0.6,3,15458,58,Femme,23,SUV,Nantes,Privé,Malus,2024-08-08
A0637,0.73,1,12812,54,Femme,15,SUV,Paris,Privé,Bonus,2024-12-07
A0638,0.58,1,18279,55,Homme,13,Break,Nice,Professionnel,,2024-08-02
A0639,0.9,0,0,49,Homme,22,SUV,Nice,Privé,Bonus,
A0640,0.73,0,0,58,Femme,31,SUV,Lille,Privé,Malus,
A0641,0.74,1,13535,24,Femme,2,Cabriolet,Nantes,Professionnel,Bonus,2024-01-09
A0642,0.63,3,11794,69,Homme,0,Break,Nantes,Privé,,2024-11-22
A0643,0.71,0,0,56,Homme,4,Cabriolet,Nice,Privé,,
A0644,0.53,0,0,53,Homme,19,SUV,Nantes,Privé,,
A0645,0.86,0,0,30,Femme,1,SUV,Paris,Professionnel,,
A0646,0.95,0,0,35,Femme,6,Break,Paris,Privé,Malus,
A0647,0.9,1,961,66,Femme,25,SUV,Bordeaux,Privé,Bonus,2024-07-05
A0648,0.56,0,0,67,Femme,33,Citadine,Marseille,Privé,,
A0649,0.85,1,8323,42,Femme,16,SUV,Paris,Professionnel,,2024-04-17
A0650,0.54,1,15600,18,Femme,0,Citadine,Rennes,Professionnel,Bonus,2024-02-03
A0651,0.72,0,0,47,Homme,9,Cabriolet,Nice,Privé,Bonus,
A0652,0.63,0,0,68,Homme,15,Berline,Nantes,Professionnel,Bonus,
A0653,0.95,1,6528,58,Homme,34,Berline,Marseille,Professionnel,Bonus,2024-09-27
A0654,0.75,0,0,56,Homme,32,Cabriolet,Bordeaux,Professionnel,,
A0655,0.94,0,0,70,Homme,22,SUV,Rennes,Privé,,
A0656,0.57,0,0,64,Homme,13,Citadine,Paris,Professionnel,,
A0657,0.55,0,0,42,Femme,13,Utilitaire,Nice,Professionnel,Bonus,
A0658,0.53,0,0,18,Femme,0,Berline,Lyon,Professionnel,Malus,
A0659,0.54,0,0,65,Homme,27,Cabriolet,Bordeaux,Privé,,
A0660,0.82,0,0,68,Femme,30,Citadine,Lille,Professionnel,,
A0661,0.52,0,0,48,Femme,2,SUV,Nice,Privé,Bonus,
A0662,0.73,1,8271,66,Homme,34,Utilitaire,Toulouse,Privé,,2024-09-02
A0663,0.57,2,14733,27,Femme,2,Berline,Strasbourg,Professionnel,,2024-10-12
A0664,1.0,1,4157,58,Femme,21,Citadine,Lyon,Privé,,2024-07-18
A0665,0.97,1,4810,64,Femme,16,Cabriolet,Rennes,Professionnel,Bonus,2024-05-29
A0666,0.79,3,12075,57,Homme,18,Break,Nantes,Privé,Malus,2024-07-30
A0667,0.74,0,0,28,Femme,3,Break,Lyon,Professionnel,Malus,
A0668,0.99,0,0,42,Femme,13,Citadine,Nice,Privé,,
A0669,0.62,0,0,62,Homme,1,Break,Nantes,Professionnel,Bonus,
A0670,0.64,0,0,42,Femme,7,SUV,Lille,Privé,Bonus,
A0671,0.79,0,0,32,Femme,12,Utilitaire,Lyon,Professionnel,Bonus,
A0672,0.73,0,0,46,Homme,28,SUV,Lyon,Professionnel,Malus,
A0673,0.65,2,15175,33,Homme,1,Break,Paris,Privé,,2024-04-29
A0674,0.57,1,8652,53,Femme,12,SUV,Nantes,Professionnel,,2024-09-14
A0675,0.72,0,0,42,Femme,24,Utilitaire,Paris,Privé,Bonus,
A0676,0.58,0,0,56,Femme,32,Utilitaire,Rennes,Professionnel,,
A0677,0.61,1,15906,31,Femme,9,Cabriolet,Rennes,Professionnel,Malus,2024-12-29
A0678,0.77,0,0,27,Femme,9,Cabriolet,Bordeaux,Privé,Malus,
A0679,0.89,1,8225,59,Homme,3,Berline,Nice,Privé,Bonus,2024-07-29
A0680,0.98,0,0,53,Homme,16,SUV,Marseille,Privé,Malus,
A0681,0.55,0,0,48,Homme,4,Utilitaire,Strasbourg,Privé,,
A0682,0.57,0,0,48,Homme,0,Break,Lyon,Privé,,
A0683,0.92,0,0,60,Homme,17,Break,Nantes,Privé,Bonus,
A0684,0.69,1,15459,37,Femme,17,Berline,Nice,Professionnel,Bonus,2024-02-25
A0685,0.5,0,0,61,Femme,29,Break,Lille,Professionnel,,
A0686,0.98,0,0,66,Homme,35,SUV,Lyon,Professionnel,Malus,
A0687,0.97,0,0,32,Homme,8,SUV,Toulouse,Privé,Malus,
A0688,0.72,0,0,23,Femme,2,Utilitaire,Nantes,Privé,Malus,
A0689,0.95,1,870,19,Homme,1,Citadine,Strasbourg,Professionnel,Malus,2024-07-18
A0690,0.89,1,3811,30,Femme,9,Utilitaire,Nantes,Privé,Malus,2024-11-01
A0691,0.77,1,9282,25,Homme,7,Cabriolet,Bordeaux,Professionnel,Bonus,2024-06-13
A0692,0.97,0,0,67,Femme,30,Break,Paris,Professionnel,,
A0693,0.72,0,0,36,Homme,15,Break,Bordeaux,Privé,Malus,
A0694,0.65,1,11515,62,Femme,11,Berline,Nantes,Professionnel,Bonus,2024-06-01
A0695,0.61,0,0,52,Femme,6,SUV,Lille,Privé,,
A0696,0.91,0,0,41,Homme,12,Break,Nantes,Professionnel,,
A0697,0.63,1,19758,46,Homme,15,Berline,Bordeaux,Professionnel,Bonus,2024-04-23
A0698,0.79,1,16148,47,Femme,19,Cabriolet,Toulouse,Privé,Bonus,2024-05-18
A0699,0.92,0,0,29,Homme,10,Cabriolet,Paris,Professionnel,Malus,
A0700,0.71,1,7053,39,Homme,18,Berline,Bordeaux,Professionnel,Malus,2024-08-13
A0701,0.67,0,0,18,Femme,0,SUV,Nantes,Privé,Bonus,
A0702,0.85,0,0,19,Homme,0,SUV,Bordeaux,Professionnel,Bonus,
A0703,0.58,0,0,44,Homme,17,SUV,Marseille,Privé,,
A0704,0.63,0,0,18,Homme,0,Cabriolet,Paris,Privé,Bonus,
A0705,0.63,0,0,34,Homme,0,Citadine,Rennes,Privé,Bonus,
A0706,0.71,0,0,60,Homme,35,Cabriolet,Nantes,Professionnel,,
A0707,0.77,0,0,21,Femme,0,Berline,Paris,Privé,,
A0708,0.97,3,17486,49,Femme,5,Utilitaire,Marseille,Professionnel,,2024-02-26
A0709,0.87,0,0,24,Femme,1,Citadine,Lille,Privé,,
A0710,0.97,1,19595,59,Femme,31,Utilitaire,Nantes,Professionnel,,2024-06-17
A0711,0.8,1,17970,26,Homme,7,Berline,Strasbourg,Privé,Bonus,2024-03-23
A0712,0.55,0,0,24,Femme,2,SUV,Rennes,Privé,Malus,
A0713,0.86,0,0,23,Femme,3,Break,Lyon,Privé,,
A0714,0.81,0,0,29,Femme,0,Berline,Nice,Professionnel,Malus,
A0715,0.94,0,0,27,Femme,2,Berline,Lille,Privé,,
A0716,0.66,0,0,35,Femme,14,SUV,Nantes,Professionnel,Malus,
A0717,0.96,1,6780,67,Homme,14,SUV,Lyon,Privé,Malus,2024-08-03
A0718,0.53,2,7665,54,Homme,30,SUV,Bordeaux,Professionnel,,2024-03-21
A0719,0.82,1,11970,21,Femme,1,Utilitaire,Lyon,Professionnel,,2024-10-29
A0720,0.83,0,0,47,Homme,5,SUV,Nice,Professionnel,Malus,
A0721,0.56,3,17043,49,Homme,25,Citadine,Nantes,Privé,Bonus,2024-03-01
A0722,0.92,0,0,41,Femme,3,Cabriolet,Toulouse,Professionnel,Malus,
A0723,0.74,0,0,54,Femme,36,Cabriolet,Rennes,Professionnel,Malus,
A0724,0.8,1,19966,31,Femme,8,SUV,Marseille,Professionnel,Bonus,2024-12-21
A0725,0.88,0,0,60,Femme,29,Break,Paris,Professionnel,Bonus,
A0726,0.63,1,13061,31,Homme,10,Break,Lille,Professionnel,Malus,2024-06-12
A0727,0.75,0,0,26,Homme,1,Cabriolet,Lille,Professionnel,Bonus,
A0728,0.59,0,0,28,Femme,9,Citadine,Rennes,Professionnel,,
A0729,0.74,0,0,64,Homme,35,Break,Strasbourg,Professionnel,Malus,
A0730,0.63,0,0,52,Homme,33,Berline,Lille,Privé,,
A0731,0.93,2,9164,37,Homme,9,Citadine,Toulouse,Privé,Bonus,2024-09-24
A0732,0.99,0,0,45,Femme,13,Break,Strasbourg,Privé,Malus,
A0733,0.96,0,0,62,Homme,37,Cabriolet,Nantes,Professionnel,Bonus,
A0734,0.74,0,0,65,Femme,2,Citadine,Lille,Professionnel,,
A0735,0.55,0,0,29,Homme,7,Cabriolet,Paris,Privé,Bonus,
A0736,0.73,0,0,22,Homme,1,Citadine,Toulouse,Professionnel,Malus,
A0737,0.93,1,9633,42,Femme,24,Utilitaire,Rennes,Professionnel,Malus,2024-01-05
A0738,0.86,1,8928,65,Femme,17,Berline,Nantes,Privé,Bonus,2024-12-12
A0739,1.0,0,0,30,Homme,3,SUV,Marseille,Privé,,
A0740,1.0,0,0,35,Homme,13,Cabriolet,Lyon,Professionnel,,
A0741,0.81,1,8570,33,Femme,15,Citadine,Marseille,Professionnel,,2024-11-21
A0742,0.87,0,0,52,Femme,20,Utilitaire,Nantes,Professionnel,Malus,
A0743,0.78,0,0,54,Homme,16,Cabriolet,Paris,Professionnel,Malus,
A0744,0.81,0,0,36,Homme,7,SUV,Nice,Privé,Bonus,
A0745,0.74,0,0,54,Femme,19,Berline,Paris,Privé,Bonus,
A0746,0.58,0,0,18,Femme,0,Break,Rennes,Professionnel,,
A0747,0.73,1,512,25,Homme,5,Utilitaire,Paris,Professionnel,Bonus,2024-08-15
A0748,0.9,1,12014,56,Homme,17,Utilitaire,Lille,Professionnel,Bonus,2024-07-18
A0749,0.89,1,7580,36,Femme,11,Berline,Nantes,Professionnel,Malus,2024-11-18
A0750,0.95,0,0,30,Homme,6,Berline,Toulouse,Privé,,
A0751,0.62,0,0,64,Homme,6,SUV,Toulouse,Professionnel,,
A0752,0.65,0,0,45,Femme,19,Break,Toulouse,Professionnel,Malus,
A0753,0.99,0,0,42,Femme,6,Citadine,Lyon,Professionnel,Malus,
A0754,0.94,1,5508,33,Homme,7,Break,Paris,Professionnel,Malus,2024-12-11
A0755,0.94,1,2067,69,Homme,20,Utilitaire,Paris,Privé,Bonus,2024-12-22
A0756,0.89,1,12376,45,Homme,7,Cabriolet,Marseille,Privé,Malus,2024-09-13
A0757,0.72,2,11389,21,Homme,2,Berline,Toulouse,Privé,,2024-04-25
A0758,0.56,2,15732,44,Homme,20,Break,Marseille,Professionnel,Malus,2024-05-11
A0759,0.83,0,0,37,Homme,7,Cabriolet,Lyon,Privé,Malus,
A0760,0.75,0,0,49,Femme,2,SUV,Strasbourg,Privé,Bonus,
A0761,0.59,0,0,64,Femme,33,Citadine,Strasbourg,Professionnel,Bonus,
A0762,0.79,0,0,20,Homme,1,Citadine,Strasbourg,Privé,,
A0763,0.56,0,0,51,Femme,19,Berline,Lille,Professionnel,Malus,
A0764,0.76,1,12082,28,Homme,4,Berline,Strasbourg,Professionnel,Malus,2024-09-15
A0765,0.73,0,0,54,Femme,28,Berline,Rennes,Privé,,
A0766,0.57,0,0,44,Homme,22,Citadine,Bordeaux,Privé,Malus,
A0767,0.61,0,0,48,Femme,18,SUV,Lyon,Privé,,
A0768,0.86,1,2867,62,Femme,19,SUV,Toulouse,Professionnel,Malus,2024-11-27
A0769,0.99,0,0,23,Homme,0,SUV,Strasbourg,Privé,Malus,
A0770,0.96,0,0,33,Femme,3,Utilitaire,Nice,Professionnel,Bonus,
A0771,0.96,1,13676,61,Homme,32,Break,Marseille,Privé,Malus,2024-01-15
A0772,0.81,0,0,41,Femme,0,SUV,Toulouse,Professionnel,Bonus,
A0773,0.72,0,0,44,Homme,6,Citadine,Rennes,Privé,Bonus,
A0774,0.64,0,0,66,Femme,17,Break,Strasbourg,Privé,Malus,
A0775,0.73,0,0,45,Femme,27,Cabriolet,Strasbourg,Privé,Bonus,
A0776,0.7,0,0,54,Homme,32,Break,Bordeaux,Privé,,
A0777,0.95,0,0,61,Homme,9,Break,Bordeaux,Privé,,
A0778,0.59,0,0,61,Femme,30,Utilitaire,Lille,Privé,Bonus,
A0779,0.83,0,0,65,Homme,33,Berline,Bordeaux,Professionnel,Malus,
A0780,0.89,2,515,45,Homme,5,Cabriolet,Nantes,Privé,Malus,2024-08-13
A0781,0.9,3,17584,30,Homme,7,Citadine,Paris,Professionnel,Bonus,2024-06-20
A0782,0.8,0,0,40,Homme,13,Break,Lyon,Privé,Malus,
A0783,0.66,1,8149,69,Homme,37,Citadine,Marseille,Professionnel,Bonus,2024-11-24
A0784,0.77,0,0,21,Femme,3,Berline,Nice,Privé,Bonus,
A0785,1.0,2,15821,48,Femme,16,Utilitaire,Marseille,Professionnel,,2024-12-10
A0786,0.75,0,0,19,Femme,0,Utilitaire,Lille,Privé,Malus,
A0787,0.83,0,0,18,Femme,0,Utilitaire,Bordeaux,Privé,,
A0788,0.55,0,0,37,Femme,0,Berline,Bordeaux,Privé,,
A0789,0.77,1,8419,34,Femme,11,SUV,Strasbourg,Privé,Malus,2024-12-17
A0790,0.87,2,6247,21,Femme,0,Citadine,Nice,Professionnel,,2024-01-28
A0791,0.85,0,0,33,Femme,7,SUV,Nice,Professionnel,,
A0792,0.66,1,13037,56,Femme,11,SUV,Strasbourg,Professionnel,Malus,2024-01-18
A0793,0.62,0,0,52,Femme,16,Citadine,Marseille,Professionnel,,
A0794,0.52,0,0,57,Femme,34,Break,Paris,Professionnel,Malus,
A0795,0.82,0,0,39,Homme,17,Utilitaire,Rennes,Professionnel,Bonus,
A0796,0.66,1,15698,58,Femme,18,SUV,Paris,Professionnel,Malus,2024-06-02
A0797,0.54,0,0,57,Homme,7,Utilitaire,Marseille,Privé,Malus,
A0798,0.56,0,0,55,Femme,30,Utilitaire,Toulouse,Privé,,
A0799,0.5,0,0,20,Homme,2,Cabriolet,Paris,Professionnel,Bonus,
A0800,0.74,1,15319,32,Femme,0,Citadine,Paris,Privé,,2024-04-22
A0801,0.57,0,0,69,Femme,7,Break,Marseille,Privé,Malus,
A0802,0.88,2,12898,18,Femme,0,Cabriolet,Nantes,Privé,,2024-10-19
A0803,0.54,0,0,34,Femme,11,Utilitaire,Rennes,Professionnel,,
A0804,0.74,1,10938,68,Homme,6,Citadine,Bordeaux,Professionnel,,2024-08-04
A0805,0.99,0,0,68,Femme,4,Break,Nice,Privé,,
A0806,0.94,0,0,25,Homme,4,Utilitaire,Lyon,Professionnel,,
A0807,0.93,0,0,31,Homme,13,SUV,Marseille,Professionnel,Malus,
A0808,0.77,0,0,35,Homme,1,Break,Nantes,Privé,,
A0809,0.99,1,17789,43,Femme,3,Cabriolet,Rennes,Privé,Bonus,2024-03-15
A0810,0.67,0,0,50,Femme,20,Cabriolet,Strasbourg,Professionnel,,
A0811,0.67,1,14603,35,Homme,5,Berline,Lyon,Privé,Bonus,2024-01-15
A0812,0.93,1,11727,62,Femme,17,SUV,Strasbourg,Professionnel,Bonus,2024-12-01
A0813,0.78,1,7237,21,Femme,3,SUV,Toulouse,Privé,Bonus,2024-12-27
A0814,0.56,0,0,20,Homme,1,Utilitaire,Lyon,Privé,Bonus,
A0815,0.72,2,5004,25,Homme,6,Berline,Rennes,Professionnel,,2024-10-08
A0816,0.92,0,0,50,Homme,26,SUV,Rennes,Professionnel,,
A0817,0.78,0,0,64,Femme,6,SUV,Rennes,Professionnel,Malus,
A0818,0.78,3,531,60,Homme,29,SUV,Strasbourg,Professionnel,,2024-01-05
A0819,0.5,2,7663,22,Femme,4,Cabriolet,Lyon,Professionnel,Bonus,2024-04-07
A0820,0.8,0,0,33,Femme,12,Break,Marseille,Professionnel,Malus,
A0821,0.51,2,4666,33,Homme,8,Citadine,Marseille,Privé,,2024-08-13
A0822,0.83,1,7612,61,Homme,15,Utilitaire,Strasbourg,Privé,,2024-09-24
A0823,0.75,0,0,40,Homme,18,Utilitaire,Strasbourg,Professionnel,,
A0824,0.64,0,0,65,Homme,9,Cabriolet,Toulouse,Privé,Malus,
A0825,0.96,0,0,30,Femme,4,Break,Strasbourg,Privé,,
A0826,0.74,1,13540,65,Homme,10,Citadine,Lyon,Professionnel,Malus,2024-09-14
A0827,0.6,0,0,58,Homme,3,Break,Strasbourg,Privé,Bonus,
A0828,0.81,1,17374,67,Homme,11,Berline,Nice,Professionnel,Malus,2024-03-31
A0829,0.59,0,0,65,Femme,40,Utilitaire,Bordeaux,Professionnel,,
A0830,0.97,0,0,57,Homme,18,Cabriolet,Bordeaux,Privé,,
A0831,0.76,0,0,26,Femme,4,Utilitaire,Lille,Professionnel,Malus,
A0832,0.7,0,0,25,Homme,6,SUV,Paris,Professionnel,,
A0833,0.75,1,6857,62,Homme,19,SUV,Nice,Professionnel,Bonus,2024-10-02
A0834,0.97,0,0,29,Femme,4,Berline,Lille,Privé,Bonus,
A0835,0.95,0,0,65,Homme,20,SUV,Nice,Professionnel,Bonus,
A0836,0.56,1,502,24,Femme,6,Break,Nice,Professionnel,Malus,2024-11-25
A0837,0.69,0,0,42,Homme,21,Berline,Strasbourg,Professionnel,Bonus,
A0838,0.53,2,9286,24,Homme,2,Cabriolet,Strasbourg,Privé,Malus,2024-05-22
A0839,0.6,0,0,42,Homme,15,Berline,Lille,Professionnel,Bonus,
A0840,0.74,0,0,67,Femme,28,Cabriolet,Strasbourg,Privé,Bonus,
A0841,0.7,0,0,40,Femme,15,Cabriolet,Bordeaux,Privé,,
A0842,0.88,0,0,52,Homme,16,Citadine,Lyon,Privé,Bonus,
A0843,0.54,1,11082,22,Femme,1,Break,Strasbourg,Privé,Bonus,2024-04-17
A0844,0.98,0,0,60,Homme,36,SUV,Lyon,Privé,Malus,
A0845,0.62,0,0,46,Homme,8,Citadine,Lille,Privé,Bonus,
A0846,0.81,3,15135,24,Homme,4,Cabriolet,Nantes,Professionnel,Malus,2024-05-28
A0847,0.68,0,0,31,Femme,6,Berline,Lyon,Professionnel,Bonus,
A0848,0.89,2,18398,68,Femme,7,SUV,Lyon,Privé,,2024-07-10
A0849,0.58,0,0,62,Homme,40,Berline,Marseille,Privé,Bonus,
A0850,0.77,0,0,39,Femme,20,Utilitaire,Rennes,Professionnel,,
A0851,0.82,1,6828,45,Femme,3,SUV,Marseille,Professionnel,Malus,2024-06-11
A0852,0.71,0,0,42,Homme,20,Cabriolet,Marseille,Professionnel,,
A0853,0.57,0,0,44,Femme,6,Berline,Lille,Privé,,
A0854,0.72,1,19079,69,Homme,28,Cabriolet,Lille,Professionnel,Bonus,2024-01-15
A0855,0.96,0,0,64,Homme,2,Utilitaire,Lille,Privé,Malus,
A0856,0.94,2,10577,69,Homme,28,SUV,Strasbourg,Professionnel,Malus,2024-04-18
A0857,0.8,0,0,67,Homme,23,Break,Rennes,Privé,Bonus,
A0858,0.87,0,0,67,Homme,9,Berline,Toulouse,Privé,,
A0859,0.97,0,0,55,Homme,4,Cabriolet,Paris,Professionnel,Bonus,
A0860,0.81,0,0,69,Femme,15,Citadine,Nantes,Professionnel,,
A0861,0.95,1,6428,38,Homme,9,Citadine,Bordeaux,Privé,Bonus,2024-06-22
A0862,0.7,1,3542,54,Homme,3,Berline,Marseille,Professionnel,Malus,2024-11-17
A0863,0.92,3,9955,23,Femme,0,SUV,Nantes,Privé,,2024-03-04
A0864,0.73,1,15916,31,Homme,8,Citadine,Strasbourg,Professionnel,Malus,2024-02-03
A0865,0.98,0,0,64,Femme,32,Break,Nantes,Professionnel,Bonus,
A0866,0.78,0,0,51,Homme,20,Citadine,Bordeaux,Professionnel,Malus,
A0867,0.62,1,16403,29,Femme,0,Cabriolet,Paris,Privé,Bonus,2024-07-11
A0868,0.78,3,12645,33,Homme,4,Cabriolet,Nantes,Privé,,2024-10-11
A0869,0.55,0,0,18,Femme,0,Cabriolet,Nantes,Privé,Bonus,
A0870,0.74,0,0,58,Femme,35,Break,Nice,Professionnel,Malus,
A0871,0.56,0,0,26,Femme,3,Cabriolet,Paris,Professionnel,Malus,
A0872,0.97,0,0,59,Homme,3,Break,Paris,Professionnel,,
A0873,0.84,1,11155,18,Femme,0,SUV,Lyon,Privé,Malus,2024-11-12
A0874,0.55,0,0,64,Femme,27,SUV,Nice,Professionnel,Malus,
A0875,0.85,0,0,31,Homme,5,Cabriolet,Nantes,Privé,Bonus,
A0876,0.89,1,1083,23,Homme,1,Berline,Bordeaux,Privé,Bonus,2024-12-28
A0877,0.72,2,7100,57,Femme,18,Citadine,Toulouse,Professionnel,Malus,2024-03-14
A0878,0.51,0,0,35,Femme,1,Berline,Lille,Privé,Bonus,
A0879,0.59,2,10036,28,Homme,10,Break,Marseille,Professionnel,Bonus,2024-02-28
A0880,0.94,0,0,70,Homme,6,Berline,Strasbourg,Professionnel,,
A0881,0.77,0,0,35,Homme,12,Utilitaire,Marseille,Professionnel,Bonus,
A0882,0.82,3,14996,34,Femme,15,Utilitaire,Rennes,Privé,,2024-12-22
A0883,0.74,0,0,63,Femme,1,SUV,Paris,Professionnel,Bonus,
A0884,0.84,0,0,40,Homme,10,Utilitaire,Strasbourg,Professionnel,Malus,
A0885,0.53,1,14647,51,Femme,31,Utilitaire,Nice,Privé,Malus,2024-06-21
A0886,0.51,0,0,51,Femme,28,Cabriolet,Rennes,Professionnel,Malus,
A0887,0.57,0,0,64,Homme,35,Utilitaire,Nice,Privé,,
A0888,0.64,0,0,59,Femme,21,Utilitaire,Paris,Privé,,
A0889,0.71,1,17886,67,Homme,13,Citadine,Nice,Privé,,2024-06-01
A0890,0.88,0,0,33,Femme,4,Utilitaire,Rennes,Professionnel,,
A0891,0.58,1,665,53,Femme,35,Berline,Nice,Privé,Bonus,2024-03-22
A0892,0.76,2,14608,43,Femme,14,Berline,Marseille,Professionnel,Malus,2024-05-11
A0893,0.86,0,0,63,Femme,8,SUV,Nice,Professionnel,Malus,
A0894,0.65,1,13531,62,Homme,16,Cabriolet,Nantes,Professionnel,Malus,2024-04-10
A0895,0.92,0,0,60,Femme,13,Berline,Bordeaux,Professionnel,Malus,
A0896,0.79,0,0,45,Femme,0,Berline,Paris,Professionnel,Malus,
A0897,0.89,1,4085,52,Homme,25,Cabriolet,Nice,Professionnel,,2024-01-23
A0898,0.75,0,0,24,Homme,4,Cabriolet,Lille,Professionnel,Bonus,
A0899,0.9,0,0,52,Homme,31,Berline,Bordeaux,Privé,Bonus,
A0900,0.83,0,0,41,Homme,1,Citadine,Bordeaux,Professionnel,,
A0901,0.83,0,0,37,Homme,17,Utilitaire,Nantes,Privé,,
A0902,0.93,0,0,22,Homme,1,SUV,Bordeaux,Privé,,
A0903,0.68,0,0,51,Femme,20,Cabriolet,Marseille,Privé,Malus,
A0904,0.54,0,0,54,Homme,34,Cabriolet,Lille,Privé,,
A0905,0.86,0,0,22,Homme,1,Citadine,Toulouse,Professionnel,Bonus,
A0906,0.82,1,2402,35,Homme,14,Berline,Bordeaux,Professionnel,Malus,2024-06-18
A0907,0.88,1,5174,38,Homme,10,Cabriolet,Nice,Privé,Bonus,2024-06-05
A0908,0.64,0,0,29,Homme,7,Break,Marseille,Privé,Bonus,
A0909,1.0,0,0,39,Homme,14,Cabriolet,Lyon,Professionnel,Bonus,
A0910,0.99,3,12924,59,Femme,26,Citadine,Rennes,Privé,Bonus,2024-03-01
A0911,0.62,0,0,48,Homme,10,Citadine,Lyon,Professionnel,Bonus,
A0912,0.54,1,11891,32,Homme,7,Cabriolet,Marseille,Professionnel,Bonus,2024-08-28
A0913,0.98,0,0,39,Femme,11,Break,Toulouse,Professionnel,Bonus,
A0914,0.84,1,15052,23,Femme,0,Cabriolet,Strasbourg,Privé,Bonus,2024-11-01
A0915,0.74,0,0,64,Femme,6,Break,Strasbourg,Privé,Malus,
A0916,0.7,0,0,40,Femme,8,Citadine,Paris,Professionnel,Malus,
A0917,0.98,0,0,19,Homme,1,Utilitaire,Strasbourg,Professionnel,Malus,
A0918,0.65,0,0,36,Femme,10,Citadine,Lyon,Professionnel,Bonus,
A0919,0.95,0,0,63,Femme,13,Berline,Rennes,Professionnel,,
A0920,0.52,1,10063,28,Femme,8,Cabriolet,Nantes,Professionnel,Bonus,2024-03-14
A0921,0.62,0,0,48,Femme,18,Utilitaire,Strasbourg,Professionnel,Bonus,
A0922,0.59,0,0,37,Homme,12,Break,Rennes,Privé,Malus,
A0923,0.64,1,10633,43,Homme,14,Berline,Nantes,Privé,,2024-02-02
A0924,0.63,1,8872,28,Femme,3,Cabriolet,Marseille,Privé,Bonus,2024-08-30
A0925,0.61,2,4506,63,Femme,37,Citadine,Nantes,Privé,Malus,2024-08-13
A0926,0.54,1,18521,23,Homme,4,SUV,Rennes,Privé,Bonus,2024-11-20
A0927,0.5,3,2281,34,Femme,8,Cabriolet,Marseille,Privé,,2024-09-23
A0928,0.71,0,0,34,Femme,8,SUV,Lille,Professionnel,,
A0929,0.96,3,6209,69,Homme,13,Citadine,Bordeaux,Professionnel,Malus,2024-12-18
A0930,0.69,1,7001,29,Femme,2,Cabriolet,Nantes,Professionnel,Malus,2024-07-05
A0931,0.67,0,0,63,Homme,28,Citadine,Strasbourg,Privé,Malus,
A0932,0.86,1,11418,69,Femme,25,Cabriolet,Rennes,Privé,Bonus,2024-06-03
A0933,0.68,0,0,21,Femme,3,Citadine,Strasbourg,Professionnel,,
A0934,0.64,0,0,70,Femme,20,Break,Nice,Privé,Malus,
A0935,0.85,0,0,52,Femme,8,Citadine,Rennes,Professionnel,Bonus,
A0936,0.6,0,0,41,Homme,8,Citadine,Strasbourg,Privé,Malus,
A0937,0.61,0,0,27,Femme,5,Berline,Lille,Privé,,
A0938,0.79,0,0,24,Femme,5,Citadine,Lille,Professionnel,,
A0939,0.66,0,0,46,Femme,14,Utilitaire,Paris,Privé,Malus,
A0940,0.64,0,0,30,Homme,11,Break,Lille,Professionnel,,
A0941,0.6,1,2186,43,Femme,19,Berline,Rennes,Privé,Bonus,2024-01-16
A0942,0.74,1,11819,31,Femme,13,Utilitaire,Lyon,Privé,Bonus,2024-04-27
A0943,0.76,0,0,41,Femme,8,Utilitaire,Marseille,Professionnel,Malus,
A0944,0.8,1,19510,66,Femme,37,Berline,Rennes,Professionnel,Malus,2024-08-09
A0945,0.93,0,0,49,Femme,19,Utilitaire,Strasbourg,Privé,,
A0946,0.87,0,0,70,Homme,7,Citadine,Bordeaux,Privé,Malus,
A0947,0.91,0,0,20,Homme,1,Utilitaire,Lille,Privé,Malus,
A0948,0.9,3,6384,32,Homme,6,Cabriolet,Rennes,Professionnel,,2024-02-07
A0949,0.62,0,0,19,Femme,1,Cabriolet,Paris,Privé,Bonus,
A0950,0.6,0,0,53,Femme,6,Citadine,Paris,Professionnel,Bonus,
A0951,0.97,0,0,45,Homme,19,Berline,Rennes,Privé,Malus,
A0952,0.55,0,0,42,Femme,10,Citadine,Paris,Professionnel,,
A0953,0.71,0,0,26,Femme,8,SUV,Toulouse,Privé,Malus,
A0954,0.67,1,10470,56,Homme,18,SUV,Strasbourg,Privé,Bonus,2024-08-10
A0955,0.98,2,13845,54,Homme,8,Berline,Strasbourg,Privé,Bonus,2024-11-01
A0956,0.77,0,0,46,Femme,10,Citadine,Lyon,Privé,Malus,
A0957,0.62,0,0,54,Femme,27,Cabriolet,Lyon,Privé,Bonus,
A0958,0.68,1,19772,50,Homme,28,Citadine,Paris,Professionnel,,2024-08-13
A0959,0.81,0,0,41,Homme,14,SUV,Nantes,Privé,,
A0960,0.5,0,0,27,Homme,1,Cabriolet,Rennes,Privé,Bonus,
A0961,0.88,0,0,53,Femme,2,Citadine,Nice,Professionnel,,
A0962,0.94,0,0,61,Femme,35,Cabriolet,Lyon,Professionnel,Malus,
A0963,0.71,1,12980,23,Femme,2,Cabriolet,Toulouse,Professionnel,Malus,2024-04-15
A0964,0.8,0,0,68,Femme,10,Break,Nice,Professionnel,Bonus,
A0965,0.86,2,6418,31,Homme,7,SUV,Nantes,Privé,Malus,2024-05-01
A0966,0.56,0,0,44,Homme,23,Berline,Bordeaux,Privé,Bonus,
A0967,0.93,0,0,68,Femme,35,Berline,Strasbourg,Professionnel,Bonus,
A0968,0.92,0,0,52,Homme,5,SUV,Nice,Professionnel,,
A0969,0.97,0,0,41,Homme,6,Break,Bordeaux,Professionnel,,
A0970,0.71,0,0,43,Femme,3,Break,Bordeaux,Professionnel,Malus,
A0971,0.73,0,0,31,Homme,0,Break,Toulouse,Professionnel,Bonus,
A0972,0.57,0,0,24,Homme,4,Cabriolet,Nice,Privé,Bonus,
A0973,0.57,0,0,69,Femme,13,Utilitaire,Nice,Privé,Bonus,
A0974,0.84,1,4771,36,Homme,18,Citadine,Lyon,Professionnel,,2024-03-02
A0975,0.61,0,0,45,Homme,5,Utilitaire,Strasbourg,Professionnel,Bonus,
A0976,0.71,0,0,40,Homme,5,SUV,Lyon,Privé,,
A0977,0.65,0,0,65,Homme,7,Utilitaire,Rennes,Privé,Malus,
A0978,0.7,2,8532,53,Homme,21,SUV,Toulouse,Privé,,2024-06-17
A0979,0.9,1,17115,37,Homme,12,Citadine,Rennes,Privé,,2024-02-16
A0980,0.55,0,0,55,Homme,0,Citadine,Rennes,Professionnel,Malus,
A0981,0.72,0,0,50,Femme,10,Cabriolet,Lyon,Professionnel,Malus,
A0982,0.99,0,0,65,Femme,15,SUV,Rennes,Privé,,
A0983,0.63,2,12375,27,Femme,2,Utilitaire,Lille,Professionnel,Bonus,2024-04-07
A0984,0.66,0,0,66,Femme,11,Break,Lyon,Professionnel,Bonus,
A0985,0.79,0,0,23,Homme,4,SUV,Bordeaux,Professionnel,Malus,
A0986,0.67,1,19858,24,Femme,6,Cabriolet,Toulouse,Professionnel,,2024-11-19
A0987,0.82,0,0,66,Femme,24,Utilitaire,Toulouse,Professionnel,Bonus,
A0988,0.58,0,0,57,Femme,13,Citadine,Bordeaux,Privé,,
A0989,0.56,0,0,69,Homme,1,Cabriolet,Marseille,Privé,Bonus,
A0990,0.89,0,0,66,Femme,9,Utilitaire,Marseille,Professionnel,Bonus,
A0991,0.52,1,3674,47,Femme,11,Cabriolet,Lyon,Professionnel,Malus,2024-07-06
A0992,0.98,0,0,64,Femme,0,SUV,Paris,Privé,Malus,
A0993,0.71,3,14594,69,Homme,2,Cabriolet,Marseille,Privé,Bonus,2024-04-07
A0994,0.94,0,0,43,Femme,6,Break,Bordeaux,Privé,Malus,
A0995,0.58,0,0,24,Femme,5,SUV,Marseille,Privé,,
A0996,0.97,0,0,58,Homme,20,Break,Nantes,Professionnel,Malus,
A0997,0.85,0,0,37,Femme,2,SUV,Toulouse,Professionnel,,
A0998,0.66,0,0,46,Homme,24,SUV,Bordeaux,Privé,,
A0999,0.96,0,0,67,Homme,40,Cabriolet,Lille,Privé,Bonus,
A1000,0.82,1,17422,26,Femme,5,SUV,Nantes,Professionnel,Malus,2024-11-13
